checkpoint,dataset,snr,n,delta,lo,hi,p
pre_rerun,Fitts,10.0,10,0.0005779845483941503,-0.002141212593530833,0.003297181690319133,0.6421054076864173
pre_rerun,Fitts,20.0,10,-0.0015859924366638967,-0.003988859003822472,0.0008168741304946782,0.16960872454430254
pre_rerun,Fitts,inf,10,-0.0045008371541260805,-0.00659993866242365,-0.0024017356458285112,0.0009077595233456488
pre_rerun,crank,10.0,5,-0.04817257130146026,-0.06571493415679516,-0.030630208446125344,0.0015889590968845189
pre_rerun,crank,20.0,5,-0.040477532625198355,-0.09110750769192164,0.010152442441524925,0.09064190392434802
pre_rerun,crank,inf,5,-0.3894558730721474,-0.8543831228669039,0.07547137672260912,0.08062703180594474
pre_rerun,object_moving,10.0,5,0.003019792363047613,-0.008444598343494198,0.014484183069589424,0.5051123888399435
pre_rerun,object_moving,20.0,5,0.000652906522154817,-0.011145757190060864,0.012451570234370499,0.8853324059910423
pre_rerun,object_moving,inf,5,-0.004672379046678543,-0.00807654680321614,-0.0012682112901409468,0.01892712495103483
pre_rerun,pointing,10.0,2,0.0020500504505199246,-0.020783654262199795,0.024883755163239644,0.45819385037591936
pre_rerun,pointing,20.0,2,0.00028792217717060753,-0.00046987559785089143,0.0010457199521921065,0.13003002507524802
pre_rerun,pointing,inf,2,-0.0009942084015842068,-0.04113778301775612,0.03914936621458771,0.8059105340087733
pre_rerun,steering,10.0,9,0.004815493855211467,0.003728638046112476,0.0059023496643104585,7.228808052290515e-06
pre_rerun,steering,20.0,9,0.004923418329821695,0.0039003610384188655,0.005946475621224525,3.881087240254535e-06
pre_rerun,steering,inf,9,0.0045486388934983125,0.0034223694141922245,0.0056749083728044,1.4400751024175517e-05
pre_rerun,tablet_writing,10.0,44,0.00405558962048934,0.0015102457496142048,0.006600933491364475,0.002488730426380274
pre_rerun,tablet_writing,20.0,44,0.005887966415253493,0.003611332419503651,0.008164600411003335,4.980448682572871e-06
pre_rerun,tablet_writing,inf,44,0.004629969762443367,0.0025665715494829445,0.00669336797540379,4.7126175056103676e-05
pre_rerun,whacamole,10.0,181,-0.00415300730183637,-0.006113671593185998,-0.0021923430104867424,4.5503261138310053e-05
pre_rerun,whacamole,20.0,181,-0.004232592674908716,-0.006437899022836683,-0.00202728632698075,0.00020750343739284915
pre_rerun,whacamole,inf,181,-0.004982114167503225,-0.007168084764620858,-0.002796143570385592,1.2308460773637983e-05
pre_rerun_s1000,Fitts,10.0,10,-0.008878007895001094,-0.01503188858404314,-0.002724127205959049,0.009783176621399397
pre_rerun_s1000,Fitts,20.0,10,-0.015236926158167064,-0.025553115507134773,-0.004920736809199357,0.008643830552973773
pre_rerun_s1000,Fitts,inf,10,-0.010216455367689503,-0.01831086770961096,-0.002122043025768048,0.018927737416914357
pre_rerun_s1000,crank,10.0,5,-0.0982889597415924,-0.12506195362794717,-0.07151596585523762,0.0005219124088778821
pre_rerun_s1000,crank,20.0,5,-0.02455031263828278,-0.08455369833175078,0.03545307305518522,0.3194095308967451
pre_rerun_s1000,crank,inf,5,-0.05612074381113051,-0.12920769691852457,0.01696620929626355,0.09999080229376656
pre_rerun_s1000,object_moving,10.0,5,-0.020253250151872647,-0.0469988538512288,0.006492353547483509,0.10336381146373876
pre_rerun_s1000,object_moving,20.0,5,-0.0037438189983367786,-0.009700297156330393,0.0022126591596568356,0.15591043378168076
pre_rerun_s1000,object_moving,inf,5,-0.003027143105864538,-0.0066053447230975905,0.0005510585113685145,0.07861314402518463
pre_rerun_s1000,pointing,10.0,2,0.0034750190783151558,-0.03777759175570022,0.04472762991233053,0.47837921095595765
pre_rerun_s1000,pointing,20.0,2,-0.002100221633704491,-0.010445385552746206,0.006244942285337224,0.1929493478956388
pre_rerun_s1000,pointing,inf,2,-0.0011744147817286388,-0.01499130124709912,0.012642471683641842,0.47552419278067715
pre_rerun_s1000,steering,10.0,9,0.0027737066149711533,0.001881613787842747,0.0036657994420995596,9.521836036959055e-05
pre_rerun_s1000,steering,20.0,9,0.0027454584836959814,0.001708279409239558,0.0037826375581524047,0.000288168322455467
pre_rerun_s1000,steering,inf,9,0.0028804411490758308,0.0021360081944987504,0.003624874103652911,1.9744487008769815e-05
pre_rerun_s1000,tablet_writing,10.0,44,-0.000992645106374696,-0.0033750080840058115,0.0013897178712564192,0.40539775018597035
pre_rerun_s1000,tablet_writing,20.0,44,-0.00166506945326228,-0.00396529359215555,0.0006351546856309897,0.1516050703630664
pre_rerun_s1000,tablet_writing,inf,44,-0.002488507505154235,-0.004876879736340321,-0.00010013527396814884,0.041517251340577745
pre_rerun_s1000,whacamole,10.0,181,0.0017806443061617954,0.000643699930952011,0.00291758868137158,0.002316482289988413
pre_rerun_s1000,whacamole,20.0,181,0.0012715264578550517,-1.7269535608581237e-05,0.0025603224513186845,0.05311627876812411
pre_rerun_s1000,whacamole,inf,181,0.0005538829123776385,-0.0005000064806608651,0.001607772305416142,0.30110244130451325
ft_A,Fitts,10.0,10,-0.0007472275519161742,-0.0018058997224991214,0.000311444618666773,0.14480454436301315
ft_A,Fitts,20.0,10,-0.00024256017432446874,-0.0013510048691720371,0.0008658845205230997,0.6324416073996827
ft_A,Fitts,inf,10,-0.0012205662622601587,-0.0028492053936196907,0.0004080728690993734,0.12424744470058982
ft_A,crank,10.0,5,-0.05995162087678911,-0.07167097279716032,-0.0482322689564179,0.00014268815219483519
ft_A,crank,20.0,5,-0.0021574601531028524,-0.00403541272250144,-0.00027950758370426485,0.03322634284585308
ft_A,crank,inf,5,-0.006453149974346184,-0.012603083954183416,-0.00030321599450895166,0.0435326326347802
ft_A,object_moving,10.0,5,-0.0029635705053806306,-0.008572310554215729,0.002645169543454468,0.21626474217795488
ft_A,object_moving,20.0,5,-0.0010615910589695022,-0.005520076302777548,0.0033968941848385443,0.544691818076861
ft_A,object_moving,inf,5,-0.0019063723087310968,-0.004565711130683293,0.0007529665132210994,0.11740757592219292
ft_A,pointing,10.0,2,8.04685964355123e-05,-0.008674310491523047,0.008835247684394072,0.9259859312322812
ft_A,pointing,20.0,2,-0.0003837938281893716,-0.04466269062041952,0.043895102964040776,0.9301686499912686
ft_A,pointing,inf,2,-0.0037773655503665626,-0.03557342394410745,0.028018692843374327,0.372482362726632
ft_A,steering,10.0,9,-0.0013257690601878745,-0.0018642788596353662,-0.0007872592607403828,0.0004664980766358326
ft_A,steering,20.0,9,-7.05437527764246e-06,-0.0005123182259607776,0.0004982094754054928,0.9751046014567585
ft_A,steering,inf,9,-0.00013546148935953775,-0.00034040292923230033,6.947995051322483e-05,0.16596099477723392
ft_A,tablet_writing,10.0,44,0.00041811339591148314,-0.0007295383302348673,0.0015657651220578337,0.46649642012055337
ft_A,tablet_writing,20.0,44,0.0006932169547640648,-0.0003958005849961397,0.0017822344945242694,0.2061109368967474
ft_A,tablet_writing,inf,44,-0.0005413618794264057,-0.001452207365851116,0.0003694836069983047,0.2372389036684048
ft_A,whacamole,10.0,181,0.0001460527846826319,-0.00043719668019858094,0.0007293022495638447,0.6218231253440507
ft_A,whacamole,20.0,181,6.801087553329705e-05,-0.0005176977487898675,0.0006537194998564616,0.8190310062318543
ft_A,whacamole,inf,181,0.0001350868472736911,-0.0004162257914090149,0.0006863994859563971,0.6293311302730038
ft_B,Fitts,10.0,10,-0.002006603055802303,-0.0037314171289889726,-0.0002817889826156332,0.027280993310346027
ft_B,Fitts,20.0,10,-0.0022676582537204506,-0.0038998060571535133,-0.0006355104502873876,0.011871032649434758
ft_B,Fitts,inf,10,-0.004162619012116164,-0.006924047037240071,-0.0014011909869922567,0.00774948802491331
ft_B,crank,10.0,5,-0.003927926242351565,-0.010753765423578879,0.0028979129388757496,0.18534975944326182
ft_B,crank,20.0,5,-0.00652303916215895,-0.010330932912030492,-0.0027151454122874077,0.008930516905443714
ft_B,crank,inf,5,0.00984712576866149,-0.002497671242310118,0.022191922779633097,0.09114817576298886
ft_B,object_moving,10.0,5,0.010766259878873807,0.0044562992305567355,0.017076220527190877,0.00905546086953757
ft_B,object_moving,20.0,5,-0.0006935521215200469,-0.005323372059367741,0.003936267816327647,0.6988179466250914
ft_B,object_moving,inf,5,-0.0016529087722301661,-0.006226620663900923,0.0029208031194405916,0.3724486100108091
ft_B,pointing,10.0,2,0.0003674024680150878,-0.009974811279578935,0.01070961621560911,0.7300714640397283
ft_B,pointing,20.0,2,0.0009910226105043773,-0.018055665283314842,0.020037710504323597,0.628117033699558
ft_B,pointing,inf,2,-0.002525919430415413,-0.003509002528551161,-0.0015428363322796655,0.01949392281664866
ft_B,steering,10.0,9,-0.0029037677579455906,-0.004001503945663979,-0.0018060315702272023,0.00028949720616390804
ft_B,steering,20.0,9,-1.7152892218942463e-07,-0.0005116105059006831,0.0005112674480563042,0.9994018547789504
ft_B,steering,inf,9,0.0011015837391217624,0.0006453585328944963,0.0015578089453490286,0.0005296909394194564
ft_B,tablet_writing,10.0,44,0.004333245644176448,0.001835217639390139,0.0068312736489627565,0.001102178721908817
ft_B,tablet_writing,20.0,44,0.0018751042937094468,4.413015440136612e-05,0.0037060784330175275,0.04495610830106999
ft_B,tablet_writing,inf,44,0.0013971742942102178,-6.886608250657178e-05,0.0028632146709270073,0.061253257412166785
ft_B,whacamole,10.0,181,-0.007032888699631667,-0.009904435920333642,-0.004161341478929692,2.8729410633083505e-06
ft_B,whacamole,20.0,181,-0.006072542614699718,-0.008828521490871046,-0.0033165637385283906,2.2966257553688503e-05
ft_B,whacamole,inf,181,-0.006028882047748029,-0.008781352691888577,-0.003276411403607481,2.5533896620023474e-05
ft_A2,Fitts,10.0,10,-6.518145514472495e-05,-0.0017015720263668748,0.0015712091160774249,0.9301754373370684
ft_A2,Fitts,20.0,10,-0.00023259577813800059,-0.0013272471081313569,0.0008620555518553557,0.6422185599851287
ft_A2,Fitts,inf,10,-0.00043717406404921724,-0.0018822384129231966,0.0010078902848247619,0.5109789957293334
ft_A2,crank,10.0,5,-0.0030437350273132546,-0.012790623155166922,0.006703153100540413,0.4348449213292518
ft_A2,crank,20.0,5,0.00304206174612045,-0.0008905798810438475,0.006974703373284747,0.09823528806029622
ft_A2,crank,inf,5,0.012340363979339597,0.002655733292468685,0.02202499466621051,0.024060864438298926
ft_A2,object_moving,10.0,5,0.00425531268119812,0.0006876779342067552,0.007822947428189486,0.029609602515176175
ft_A2,object_moving,20.0,5,0.0005202220380306155,-0.002039392911474907,0.003079836987536138,0.6026950209844419
ft_A2,object_moving,inf,5,-0.00149589620530608,-0.003780227123774103,0.0007884347131619433,0.14318324729712584
ft_A2,pointing,10.0,2,0.00038021136664362354,-0.0201733051335707,0.020933727866857946,0.8530321558460989
ft_A2,pointing,20.0,2,0.00039881317774398406,-0.024222230499181898,0.025019856854669866,0.870777994816275
ft_A2,pointing,inf,2,-0.005399894893682977,-0.04871212960475483,0.037912339817388875,0.35847387110532886
ft_A2,steering,10.0,9,-0.00021377371417151557,-0.0006711778630615926,0.0002436304347185614,0.312571138360674
ft_A2,steering,20.0,9,0.0001632622546619864,-0.00037010176817522657,0.0006966262774991993,0.5003068348665256
ft_A2,steering,inf,9,0.00011973811520470267,-0.00018545674640660465,0.00042493297681600996,0.3920430528524402
ft_A2,tablet_writing,10.0,44,-6.855914651291377e-05,-0.0011733358255538817,0.0010362175325280543,0.900988154683875
ft_A2,tablet_writing,20.0,44,0.0005028742214227152,-0.0006612384717844251,0.0016669869146298554,0.38849819469296
ft_A2,tablet_writing,inf,44,-0.0008644170634426816,-0.0018411426320734145,0.00011230850518805131,0.08134910187512823
ft_A2,whacamole,10.0,181,-0.0009178008822446407,-0.0015398927628444818,-0.00029570900164479954,0.004055664203060762
ft_A2,whacamole,20.0,181,-0.0010062301356489457,-0.0015093561023652442,-0.0005031041689326474,0.00011363353787290461
ft_A2,whacamole,inf,181,-0.0009361080701838516,-0.001316889283459575,-0.0005553268569081283,2.6493057939412373e-06
ft_B2,Fitts,10.0,10,-0.0037901862094158246,-0.005770469439674091,-0.0018099029791575588,0.001905988136122651
ft_B2,Fitts,20.0,10,-0.00043547711321640926,-0.00199655433061425,0.0011256001041814315,0.5436990518773505
ft_B2,Fitts,inf,10,-0.0021534821012399565,-0.0041155199630859216,-0.000191444239393991,0.03482618425905531
ft_B2,crank,10.0,5,-0.0037973539233207452,-0.012651390425358015,0.005056682578716523,0.2995761655131779
ft_B2,crank,20.0,5,-0.002477379858493789,-0.006133811443910636,0.0011790517269230577,0.13310367457030936
ft_B2,crank,inf,5,0.01244636172056197,-0.0009630114233297564,0.025855734864453698,0.06151868671100098
ft_B2,object_moving,10.0,5,-0.0020216937363148,-0.005407715826607064,0.0013643283539774634,0.17271130208385138
ft_B2,object_moving,20.0,5,-0.004924067258834808,-0.007165763612552357,-0.002682370905117258,0.0036568985403468237
ft_B2,object_moving,inf,5,-0.003634312748909019,-0.0073988644197601205,0.0001302389219420834,0.05520615747422206
ft_B2,pointing,10.0,2,-0.002729441579171099,-0.011360494565123183,0.005901611406780985,0.15528156088864503
ft_B2,pointing,20.0,2,-0.003017472787288533,-0.0495796596031131,0.04354471402853603,0.5614554329163642
ft_B2,pointing,inf,2,-0.004359573620447532,-0.009050877915248667,0.0003317306743536039,0.05378717766940347
ft_B2,steering,10.0,9,-0.004635075728098552,-0.0055672845876706635,-0.00370286686852644,3.0309854698152717e-06
ft_B2,steering,20.0,9,-0.0005335842569669236,-0.0007855218310598312,-0.00028164668287401594,0.0012182686153417682
ft_B2,steering,inf,9,0.000859596000777353,0.0007185346409066917,0.0010006573606480143,6.384615360628402e-07
ft_B2,tablet_writing,10.0,44,0.0041995275075552285,0.0022618616923919003,0.006137193322718557,7.701965962962452e-05
ft_B2,tablet_writing,20.0,44,0.00188315288400479,0.00030914576489908963,0.0034571600031104905,0.020167662900307772
ft_B2,tablet_writing,inf,44,0.0013457219218363035,5.0786180229463445e-06,0.002686365225649661,0.049176064489380326
ft_B2,whacamole,10.0,181,-0.005225356771142449,-0.007193311623813023,-0.003257401918471875,4.472650311602836e-07
ft_B2,whacamole,20.0,181,-0.004646187329160572,-0.006794318206347296,-0.002498056451973848,3.186191400432297e-05
ft_B2,whacamole,inf,181,-0.00446444914485867,-0.00641085879154758,-0.0025180394981697595,1.0899111665019347e-05
