checkpoint,dataset,snr,metric,mean,lower,upper,n_participants
ft_A,Fitts,10.0,Reconstruction_R2,0.8701854446346495,0.8346714308800621,0.9056994583892369,10
ft_A,Fitts,10.0,Reconstruction_MASE,0.2956949287814394,0.26191875552479665,0.3294711020380821,10
ft_A,Fitts,10.0,Number_of_submovements_per_second,1.574299650154282,1.235126814487244,1.9134724858213201,10
ft_A,Fitts,20.0,Reconstruction_R2,0.8882615235503876,0.8507493725141325,0.9257736745866426,10
ft_A,Fitts,20.0,Reconstruction_MASE,0.26936563409982645,0.22632056174224227,0.31241070645741065,10
ft_A,Fitts,20.0,Number_of_submovements_per_second,1.7456114170784431,1.4499122867353964,2.04131054742149,10
ft_A,Fitts,inf,Reconstruction_R2,0.8545810674868323,0.8096637764983885,0.899498358475276,10
ft_A,Fitts,inf,Reconstruction_MASE,0.3027954606133637,0.250804675541041,0.3547862456856864,10
ft_A,Fitts,inf,Number_of_submovements_per_second,1.8400205966017367,1.5745428890833488,2.1054983041201245,10
ft_A,crank,10.0,Reconstruction_R2,0.8440755780541632,0.8138600256410414,0.874291130467285,5
ft_A,crank,10.0,Reconstruction_MASE,0.08700994104357299,0.07371988350349838,0.10029999858364759,5
ft_A,crank,10.0,Number_of_submovements_per_second,5.82451453583748,5.682373856167537,5.966655215507423,5
ft_A,crank,20.0,Reconstruction_R2,0.92602396039041,0.9061727886436336,0.9458751321371864,5
ft_A,crank,20.0,Reconstruction_MASE,0.05066325501451049,0.04569470405520479,0.05563180597381619,5
ft_A,crank,20.0,Number_of_submovements_per_second,5.5783748035314495,5.516484358713072,5.640265248349827,5
ft_A,crank,inf,Reconstruction_R2,0.887636600214514,0.8629240391689182,0.9123491612601097,5
ft_A,crank,inf,Reconstruction_MASE,0.06765013838301202,0.061874595940690204,0.07342568082533384,5
ft_A,crank,inf,Number_of_submovements_per_second,5.752845364422721,5.551438591913664,5.954252136931778,5
ft_A,object_moving,10.0,Reconstruction_R2,0.9143482252813522,0.8825301015029692,0.9461663490597352,5
ft_A,object_moving,10.0,Reconstruction_MASE,0.16632880098338623,0.14430693541902137,0.1883506665477511,5
ft_A,object_moving,10.0,Number_of_submovements_per_second,2.488298461867112,2.418875940348756,2.557720983385468,5
ft_A,object_moving,20.0,Reconstruction_R2,0.9769699226813067,0.9757643251014962,0.9781755202611171,5
ft_A,object_moving,20.0,Reconstruction_MASE,0.0897936991347987,0.08670630620710736,0.09288109206249005,5
ft_A,object_moving,20.0,Number_of_submovements_per_second,3.3555834417153614,3.1343968438427794,3.5767700395879434,5
ft_A,object_moving,inf,Reconstruction_R2,0.9738731314653684,0.9669711209335686,0.9807751419971681,5
ft_A,object_moving,inf,Reconstruction_MASE,0.0950305742031339,0.08397855029071916,0.10608259811554865,5
ft_A,object_moving,inf,Number_of_submovements_per_second,4.067119514299,3.958244823780213,4.175994204817786,5
ft_A,pointing,10.0,Reconstruction_R2,0.9705475402693463,0.9460307711487328,0.9950643093899598,2
ft_A,pointing,10.0,Reconstruction_MASE,0.19669112001709402,0.1699923482780595,0.22338989175612853,2
ft_A,pointing,10.0,Number_of_submovements_per_second,0.8429338442223085,0.11338597455164234,1.5724817138929748,2
ft_A,pointing,20.0,Reconstruction_R2,0.9774740044684971,0.9336426252943304,1.0213053836426638,2
ft_A,pointing,20.0,Reconstruction_MASE,0.15781358549607843,0.04128423299179304,0.2743429380003638,2
ft_A,pointing,20.0,Number_of_submovements_per_second,1.5549118820824388,-0.9348251536443541,4.044648917809232,2
ft_A,pointing,inf,Reconstruction_R2,0.9820835727597612,0.9757436201122959,0.9884235254072266,2
ft_A,pointing,inf,Reconstruction_MASE,0.13909617707328115,0.1054886374567429,0.17270371668981938,2
ft_A,pointing,inf,Number_of_submovements_per_second,2.6179612682212134,-0.9170233867283923,6.152945923170819,2
ft_A,steering,10.0,Reconstruction_R2,0.9427824726946975,0.9381848321135372,0.9473801132758578,9
ft_A,steering,10.0,Reconstruction_MASE,0.24070703711364405,0.2297600708860909,0.2516540033411972,9
ft_A,steering,10.0,Number_of_submovements_per_second,2.9396996219663927,2.7742846404068477,3.1051146035259376,9
ft_A,steering,20.0,Reconstruction_R2,0.9704944852601598,0.9658603646049068,0.9751286059154128,9
ft_A,steering,20.0,Reconstruction_MASE,0.14724058762114198,0.13723493575483833,0.15724623948744562,9
ft_A,steering,20.0,Number_of_submovements_per_second,4.083678578647475,3.894395917877426,4.272961239417524,9
ft_A,steering,inf,Reconstruction_R2,0.9725929527793055,0.9685720134825077,0.9766138920761033,9
ft_A,steering,inf,Reconstruction_MASE,0.13459036462867646,0.12571449340377513,0.1434662358535778,9
ft_A,steering,inf,Number_of_submovements_per_second,5.576768544025735,5.346029507350117,5.807507580701353,9
ft_A,tablet_writing,10.0,Reconstruction_R2,0.799462608258162,0.7825476896239881,0.8163775268923358,33
ft_A,tablet_writing,10.0,Reconstruction_MASE,0.3918181525391636,0.3722364706575975,0.41139983442072964,33
ft_A,tablet_writing,10.0,Number_of_submovements_per_second,7.318251073649593,6.841066126111681,7.795436021187506,33
ft_A,tablet_writing,20.0,Reconstruction_R2,0.8581714525357598,0.8432708717558495,0.8730720333156701,40
ft_A,tablet_writing,20.0,Reconstruction_MASE,0.31572621321398814,0.2973591729551973,0.33409325347277896,40
ft_A,tablet_writing,20.0,Number_of_submovements_per_second,8.510797473708433,8.000090525834098,9.021504421582767,40
ft_A,tablet_writing,inf,Reconstruction_R2,0.8570253891903058,0.8367525212358269,0.8772982571447847,38
ft_A,tablet_writing,inf,Reconstruction_MASE,0.3038748901917293,0.28091538985121,0.3268343905322486,38
ft_A,tablet_writing,inf,Number_of_submovements_per_second,9.288279788330534,8.890471143336203,9.686088433324866,38
ft_A,whacamole,10.0,Reconstruction_R2,0.8983548693358898,0.885400392115497,0.9113093465562826,128
ft_A,whacamole,10.0,Reconstruction_MASE,0.334158270390625,0.31765631389065585,0.3506602268905942,128
ft_A,whacamole,10.0,Number_of_submovements_per_second,3.3619981302763335,3.210130428773082,3.5138658317795852,128
ft_A,whacamole,20.0,Reconstruction_R2,0.9250065013766289,0.912048784276891,0.9379642184763668,128
ft_A,whacamole,20.0,Reconstruction_MASE,0.23762853648437499,0.22110027859041922,0.2541567943783307,128
ft_A,whacamole,20.0,Number_of_submovements_per_second,4.605367502372246,4.372313998384996,4.838421006359496,128
ft_A,whacamole,inf,Reconstruction_R2,0.929490253329277,0.9165135354818638,0.9424669711766903,128
ft_A,whacamole,inf,Reconstruction_MASE,0.21646696101562501,0.19995100631690826,0.23298291571434177,128
ft_A,whacamole,inf,Number_of_submovements_per_second,5.180075303069316,4.912753360217937,5.447397245920695,128
ft_A2,Fitts,10.0,Reconstruction_R2,0.8695283949242911,0.8355948840426644,0.9034619058059179,10
ft_A2,Fitts,10.0,Reconstruction_MASE,0.2986701669392316,0.26474671800623606,0.33259361587222713,10
ft_A2,Fitts,10.0,Number_of_submovements_per_second,1.70913066787361,1.3886058478621732,2.029655487885047,10
ft_A2,Fitts,20.0,Reconstruction_R2,0.8900358525974971,0.8547033350949288,0.9253683701000653,10
ft_A2,Fitts,20.0,Reconstruction_MASE,0.26948021104793596,0.22933363236688148,0.30962678972899044,10
ft_A2,Fitts,20.0,Number_of_submovements_per_second,1.9265735764651535,1.5892485133300243,2.2638986396002827,10
ft_A2,Fitts,inf,Reconstruction_R2,0.8544525661375844,0.8078431800208065,0.9010619522543623,10
ft_A2,Fitts,inf,Reconstruction_MASE,0.30411753115234597,0.2499802509656298,0.3582548113390621,10
ft_A2,Fitts,inf,Number_of_submovements_per_second,1.9563384264121901,1.7467793857617235,2.1658974670626567,10
ft_A2,crank,10.0,Reconstruction_R2,0.8947455312710035,0.8674938936756923,0.9219971688663148,5
ft_A2,crank,10.0,Reconstruction_MASE,0.07010322688907564,0.056074754701498884,0.08413169907665238,5
ft_A2,crank,10.0,Number_of_submovements_per_second,5.3912381725150995,5.307917112724116,5.474559232306083,5
ft_A2,crank,20.0,Reconstruction_R2,0.9299946104382579,0.9077532296672888,0.9522359912092271,5
ft_A2,crank,20.0,Reconstruction_MASE,0.048421025523967695,0.0431093706622971,0.05373268038563829,5
ft_A2,crank,20.0,Number_of_submovements_per_second,5.573750178490604,5.5001840748264135,5.647316282154795,5
ft_A2,crank,inf,Reconstruction_R2,0.9046415156461152,0.8838621454067043,0.9254208858855261,5
ft_A2,crank,inf,Reconstruction_MASE,0.06123200499206076,0.05791313777426483,0.06455087220985668,5
ft_A2,crank,inf,Number_of_submovements_per_second,5.777130390689619,5.609810153014232,5.944450628365006,5
ft_A2,object_moving,10.0,Reconstruction_R2,0.9279979693921154,0.9154483637520443,0.9405475750321866,5
ft_A2,object_moving,10.0,Reconstruction_MASE,0.1606123547373016,0.14595976996830654,0.17526493950629665,5
ft_A2,object_moving,10.0,Number_of_submovements_per_second,2.6360249896578134,2.5026721011851,2.769377878130527,5
ft_A2,object_moving,20.0,Reconstruction_R2,0.9751428049125422,0.970004743607617,0.9802808662174675,5
ft_A2,object_moving,20.0,Reconstruction_MASE,0.09249561029475499,0.08659665424612004,0.09839456634338994,5
ft_A2,object_moving,20.0,Number_of_submovements_per_second,3.429333922049973,3.200853170624584,3.657814673475362,5
ft_A2,object_moving,inf,Reconstruction_R2,0.9655541018033638,0.9511744998578593,0.9799337037488682,5
ft_A2,object_moving,inf,Reconstruction_MASE,0.10163192209629628,0.08759664411648374,0.11566720007610881,5
ft_A2,object_moving,inf,Number_of_submovements_per_second,3.8777393721776385,3.7791310131495055,3.9763477312057716,5
ft_A2,pointing,10.0,Reconstruction_R2,0.9645458211392273,0.9175036129774476,1.0115880293010069,2
ft_A2,pointing,10.0,Reconstruction_MASE,0.20466091733455433,0.09614617307933669,0.31317566158977195,2
ft_A2,pointing,10.0,Number_of_submovements_per_second,0.8766417121617021,0.6826551511440444,1.0706282731793597,2
ft_A2,pointing,20.0,Reconstruction_R2,0.9792927659901918,0.9634689629188512,0.9951165690615323,2
ft_A2,pointing,20.0,Reconstruction_MASE,0.15763861829950981,0.0501525451447313,0.2651246914542883,2
ft_A2,pointing,20.0,Number_of_submovements_per_second,1.6176760219557977,-0.6251727533391505,3.860524797250746,2
ft_A2,pointing,inf,Reconstruction_R2,0.9816911065450122,0.9453997472735141,1.0179824658165104,2
ft_A2,pointing,inf,Reconstruction_MASE,0.14279259191130414,0.13330291133157504,0.15228227249103324,2
ft_A2,pointing,inf,Number_of_submovements_per_second,2.6990795411226043,-1.3699499792606242,6.768109061505832,2
ft_A2,steering,10.0,Reconstruction_R2,0.9440844451958272,0.9394239312770502,0.9487449591146043,9
ft_A2,steering,10.0,Reconstruction_MASE,0.2381366227150966,0.22734804806359585,0.24892519736659738,9
ft_A2,steering,10.0,Number_of_submovements_per_second,2.957866201272484,2.8052818514646938,3.1104505510802745,9
ft_A2,steering,20.0,Reconstruction_R2,0.9705991506116626,0.9659696283256117,0.9752286728977134,9
ft_A2,steering,20.0,Reconstruction_MASE,0.14672967935262346,0.13705054248573684,0.15640881621951008,9
ft_A2,steering,20.0,Number_of_submovements_per_second,4.069131708255521,3.882084004193025,4.256179412318018,9
ft_A2,steering,inf,Reconstruction_R2,0.9729188995488589,0.9688738065429162,0.9769639925548016,9
ft_A2,steering,inf,Reconstruction_MASE,0.13330144250630901,0.1245495254779114,0.14205335953470663,9
ft_A2,steering,inf,Number_of_submovements_per_second,5.527032635440494,5.299411696236703,5.754653574644285,9
ft_A2,tablet_writing,10.0,Reconstruction_R2,0.8060662346176278,0.7907573938450384,0.8213750753902173,33
ft_A2,tablet_writing,10.0,Reconstruction_MASE,0.3854288597016658,0.3672297817132346,0.40362793769009697,33
ft_A2,tablet_writing,10.0,Number_of_submovements_per_second,7.0687928609866875,6.641190417393519,7.496395304579856,33
ft_A2,tablet_writing,20.0,Reconstruction_R2,0.8546019627171614,0.8395528016418867,0.869651123792436,40
ft_A2,tablet_writing,20.0,Reconstruction_MASE,0.3202782619630952,0.3012168385757432,0.33933968535044723,40
ft_A2,tablet_writing,20.0,Number_of_submovements_per_second,8.223597904201597,7.760768591346974,8.68642721705622,40
ft_A2,tablet_writing,inf,Reconstruction_R2,0.8610301766591263,0.8449595759832738,0.8771007773349788,38
ft_A2,tablet_writing,inf,Reconstruction_MASE,0.3037130203032581,0.282542277556649,0.32488376304986716,38
ft_A2,tablet_writing,inf,Number_of_submovements_per_second,8.835865071169415,8.470273721083823,9.201456421255008,38
ft_A2,whacamole,10.0,Reconstruction_R2,0.8975062048994005,0.8842378591365667,0.9107745506622342,128
ft_A2,whacamole,10.0,Reconstruction_MASE,0.333906527734375,0.31718897595081536,0.3506240795179347,128
ft_A2,whacamole,10.0,Number_of_submovements_per_second,3.306759198603686,3.157425559132538,3.456092838074834,128
ft_A2,whacamole,20.0,Reconstruction_R2,0.9238072275184095,0.9104433208610553,0.9371711341757637,128
ft_A2,whacamole,20.0,Reconstruction_MASE,0.239289263203125,0.2224563228561306,0.2561222035501194,128
ft_A2,whacamole,20.0,Number_of_submovements_per_second,4.55904505943181,4.328059810857281,4.7900303080063384,128
ft_A2,whacamole,inf,Reconstruction_R2,0.92857950553298,0.9153273515612518,0.9418316595047082,128
ft_A2,whacamole,inf,Reconstruction_MASE,0.217977915078125,0.20113807248404686,0.23481775767220314,128
ft_A2,whacamole,inf,Number_of_submovements_per_second,5.117374301771633,4.853476158704034,5.381272444839233,128
ft_B,Fitts,10.0,Reconstruction_R2,0.8687658315255142,0.8312842283854944,0.906247434665534,10
ft_B,Fitts,10.0,Reconstruction_MASE,0.30440803715054116,0.26218923545274553,0.3466268388483368,10
ft_B,Fitts,10.0,Number_of_submovements_per_second,1.563500287732587,1.3102519265403565,1.8167486489248175,10
ft_B,Fitts,20.0,Reconstruction_R2,0.8930154330545228,0.8560823669060514,0.9299484992029942,10
ft_B,Fitts,20.0,Reconstruction_MASE,0.27538312297419465,0.22182273662934424,0.32894350931904504,10
ft_B,Fitts,20.0,Number_of_submovements_per_second,1.729849894181751,1.4381341805172538,2.0215656078462483,10
ft_B,Fitts,inf,Reconstruction_R2,0.8489744696087864,0.7980424656811744,0.8999064735363984,10
ft_B,Fitts,inf,Reconstruction_MASE,0.3336670225584617,0.262071609712701,0.4052624354042224,10
ft_B,Fitts,inf,Number_of_submovements_per_second,2.0072973811098946,1.7821476112284962,2.232447150991293,10
ft_B,crank,10.0,Reconstruction_R2,0.8917397914387672,0.871774174237722,0.9117054086398125,5
ft_B,crank,10.0,Reconstruction_MASE,0.07188846826951448,0.05710655694529976,0.0866703795937292,5
ft_B,crank,10.0,Number_of_submovements_per_second,4.885474880421612,4.7011719537094825,5.069777807133742,5
ft_B,crank,20.0,Reconstruction_R2,0.9189346331196191,0.9020413688860842,0.935827897353154,5
ft_B,crank,20.0,Reconstruction_MASE,0.05080610522104562,0.0445710351232586,0.05704117531883263,5
ft_B,crank,20.0,Number_of_submovements_per_second,5.499334307445156,5.371793796332925,5.626874818557386,5
ft_B,crank,inf,Reconstruction_R2,0.9020828950967712,0.8863317492053524,0.91783404098819,5
ft_B,crank,inf,Reconstruction_MASE,0.061429927527037395,0.058745704990542325,0.06411415006353247,5
ft_B,crank,inf,Number_of_submovements_per_second,5.692490328249404,5.512432100714679,5.872548555784129,5
ft_B,object_moving,10.0,Reconstruction_R2,0.9213060247551198,0.8835798874325758,0.9590321620776638,5
ft_B,object_moving,10.0,Reconstruction_MASE,0.16225113924232804,0.140049752606174,0.18445252587848207,5
ft_B,object_moving,10.0,Number_of_submovements_per_second,2.2166897260569156,2.0253112762412226,2.4080681758726086,5
ft_B,object_moving,20.0,Reconstruction_R2,0.9771943978692079,0.9745802456663657,0.9798085500720501,5
ft_B,object_moving,20.0,Reconstruction_MASE,0.09091720757134805,0.08608862631031207,0.09574578883238404,5
ft_B,object_moving,20.0,Number_of_submovements_per_second,3.140765049351473,2.986706045471321,3.2948240532316255,5
ft_B,object_moving,inf,Reconstruction_R2,0.9660541183333791,0.9523689612343963,0.9797392754323618,5
ft_B,object_moving,inf,Reconstruction_MASE,0.10175347446794872,0.0851993706910005,0.11830757824489693,5
ft_B,object_moving,inf,Number_of_submovements_per_second,3.842632624408246,3.5453830748718964,4.139882173944596,5
ft_B,pointing,10.0,Reconstruction_R2,0.9712532929739528,0.954799408083917,0.9877071778639887,2
ft_B,pointing,10.0,Reconstruction_MASE,0.19686516496825396,0.1619332029731673,0.23179712696334062,2
ft_B,pointing,10.0,Number_of_submovements_per_second,0.823453102120959,-0.12195135359083342,1.7688575578327514,2
ft_B,pointing,20.0,Reconstruction_R2,0.9775713673117115,0.9757899830215809,0.979352751601842,2
ft_B,pointing,20.0,Reconstruction_MASE,0.1585345688882353,0.06273602123327791,0.2543331165431927,2
ft_B,pointing,20.0,Number_of_submovements_per_second,1.6338598510140883,-0.5699161137465749,3.8376358157747514,2
ft_B,pointing,inf,Reconstruction_R2,0.9787420802472826,0.8943037531414124,1.0631804073531528,2
ft_B,pointing,inf,Reconstruction_MASE,0.1435390183336188,0.06226833640225367,0.22480970026498392,2
ft_B,pointing,inf,Number_of_submovements_per_second,2.6042748939729945,0.9891529961401107,4.219396791805878,2
ft_B,steering,10.0,Reconstruction_R2,0.9415522768700773,0.9364990367009667,0.9466055170391878,9
ft_B,steering,10.0,Reconstruction_MASE,0.243470055139319,0.23174238523747592,0.25519772504116206,9
ft_B,steering,10.0,Number_of_submovements_per_second,3.040256122452089,2.8401903845293583,3.24032186037482,9
ft_B,steering,20.0,Reconstruction_R2,0.9701349231471986,0.9654139797385185,0.9748558665558787,9
ft_B,steering,20.0,Reconstruction_MASE,0.14850983048765432,0.13804952842111545,0.15897013255419318,9
ft_B,steering,20.0,Number_of_submovements_per_second,4.042139422389919,3.8412347634594832,4.243044081320355,9
ft_B,steering,inf,Reconstruction_R2,0.9741266300351228,0.9701233559401979,0.9781299041300476,9
ft_B,steering,inf,Reconstruction_MASE,0.12993403289406316,0.1206102875025666,0.1392577782855597,9
ft_B,steering,inf,Number_of_submovements_per_second,5.198956552884807,4.9846031443064795,5.413309961463135,9
ft_B,tablet_writing,10.0,Reconstruction_R2,0.8136898089047762,0.7982688397197281,0.8291107780898243,33
ft_B,tablet_writing,10.0,Reconstruction_MASE,0.37825818703358144,0.36193786810881806,0.3945785059583448,33
ft_B,tablet_writing,10.0,Number_of_submovements_per_second,7.977900602293816,7.362881192209761,8.59292001237787,33
ft_B,tablet_writing,20.0,Reconstruction_R2,0.8556404055992053,0.8411554495068589,0.8701253616915516,40
ft_B,tablet_writing,20.0,Reconstruction_MASE,0.3200121196032738,0.3011104557376215,0.3389137834689261,40
ft_B,tablet_writing,20.0,Number_of_submovements_per_second,8.654194670649511,8.091882325257291,9.216507016041732,40
ft_B,tablet_writing,inf,Reconstruction_R2,0.866804280649301,0.8513002946516813,0.8823082666469207,38
ft_B,tablet_writing,inf,Reconstruction_MASE,0.2944020646265665,0.273566576826507,0.315237552426626,38
ft_B,tablet_writing,inf,Number_of_submovements_per_second,9.209637794503593,8.728875045282788,9.690400543724397,38
ft_B,whacamole,10.0,Reconstruction_R2,0.8917987085878849,0.8770120197550149,0.906585397420755,128
ft_B,whacamole,10.0,Reconstruction_MASE,0.3438384903125,0.32447131223584674,0.3632056683891533,128
ft_B,whacamole,10.0,Number_of_submovements_per_second,3.554167818801943,3.39786823068161,3.7104674069222763,128
ft_B,whacamole,20.0,Reconstruction_R2,0.9203492612577975,0.9060470363541944,0.9346514861614006,128
ft_B,whacamole,20.0,Reconstruction_MASE,0.243735325078125,0.2246895115675213,0.26278113858872876,128
ft_B,whacamole,20.0,Number_of_submovements_per_second,4.752488977974281,4.521715115105456,4.983262840843105,128
ft_B,whacamole,inf,Reconstruction_R2,0.923999679274857,0.9097226643746742,0.9382766941750399,128
ft_B,whacamole,inf,Reconstruction_MASE,0.22350370151562501,0.20417929208446878,0.24282811094678125,128
ft_B,whacamole,inf,Number_of_submovements_per_second,5.233880665618926,4.97517035272852,5.492590978509333,128
ft_B2,Fitts,10.0,Reconstruction_R2,0.8682928175359835,0.8313536283877999,0.9052320066841671,10
ft_B2,Fitts,10.0,Reconstruction_MASE,0.30214734940081167,0.25952162058691525,0.3447730782147081,10
ft_B2,Fitts,10.0,Number_of_submovements_per_second,1.6140169108599458,1.3279827200668113,1.9000511016530803,10
ft_B2,Fitts,20.0,Reconstruction_R2,0.8910063464687374,0.8520509292156803,0.9299617637217946,10
ft_B2,Fitts,20.0,Reconstruction_MASE,0.2707124590730833,0.22294729344671327,0.3184776246994533,10
ft_B2,Fitts,20.0,Number_of_submovements_per_second,1.7474420554774555,1.4409613700492525,2.0539227409056586,10
ft_B2,Fitts,inf,Reconstruction_R2,0.8488809732082677,0.7957316757491881,0.9020302706673473,10
ft_B2,Fitts,inf,Reconstruction_MASE,0.31692217808118583,0.2551682299074915,0.3786761262548802,10
ft_B2,Fitts,inf,Number_of_submovements_per_second,2.0214384779244066,1.789569534268314,2.2533074215804993,10
ft_B2,crank,10.0,Reconstruction_R2,0.8907845736579512,0.8830631056392214,0.8985060416766809,5
ft_B2,crank,10.0,Reconstruction_MASE,0.07201800687349828,0.061393806363892446,0.08264220738310413,5
ft_B2,crank,10.0,Number_of_submovements_per_second,4.678482757524755,4.5111050279806175,4.845860487068892,5
ft_B2,crank,20.0,Reconstruction_R2,0.9256176053405879,0.9056497893789076,0.9455854213022682,5
ft_B2,crank,20.0,Reconstruction_MASE,0.05032121469607059,0.04397583378632151,0.05666659560581968,5
ft_B2,crank,20.0,Number_of_submovements_per_second,5.147242263834049,5.0663516262997765,5.228132901368322,5
ft_B2,crank,inf,Reconstruction_R2,0.9080609662878301,0.8931503821901168,0.9229715503855433,5
ft_B2,crank,inf,Reconstruction_MASE,0.0590353426165106,0.054834579728384146,0.06323610550463704,5
ft_B2,crank,inf,Number_of_submovements_per_second,5.305038209237081,5.160639224848586,5.449437193625576,5
ft_B2,object_moving,10.0,Reconstruction_R2,0.9059903254710807,0.8777964146868278,0.9341842362553336,5
ft_B2,object_moving,10.0,Reconstruction_MASE,0.17025007881481483,0.15492736934949622,0.18557278828013343,5
ft_B2,object_moving,10.0,Number_of_submovements_per_second,2.1790281838515684,2.0599540677916375,2.2981022999114993,5
ft_B2,object_moving,20.0,Reconstruction_R2,0.9716606571316746,0.9657225453818158,0.9775987688815334,5
ft_B2,object_moving,20.0,Reconstruction_MASE,0.09460975060834369,0.09034473728144905,0.09887476393523832,5
ft_B2,object_moving,20.0,Number_of_submovements_per_second,3.0486805183711425,2.8982335461018502,3.199127490640435,5
ft_B2,object_moving,inf,Reconstruction_R2,0.9612071944607627,0.9354597116780051,0.9869546772435204,5
ft_B2,object_moving,inf,Reconstruction_MASE,0.10033660100071225,0.07729359427446637,0.12337960772695812,5
ft_B2,object_moving,inf,Number_of_submovements_per_second,3.7603681961663513,3.574498243413993,3.9462381489187095,5
ft_B2,pointing,10.0,Reconstruction_R2,0.9643234887839237,0.9093140426120723,1.0193329349557751,2
ft_B2,pointing,10.0,Reconstruction_MASE,0.20579268375335774,0.1759069305721059,0.23567843693460958,2
ft_B2,pointing,10.0,Number_of_submovements_per_second,0.8830146977043414,0.061768789249821654,1.704260606158861,2
ft_B2,pointing,20.0,Reconstruction_R2,0.9756253918596343,0.9408850055392591,1.0103657781800093,2
ft_B2,pointing,20.0,Reconstruction_MASE,0.1627260489240196,0.05214468721724429,0.2733074106307949,2
ft_B2,pointing,20.0,Number_of_submovements_per_second,1.6435565224930864,-0.9650331109459214,4.252146155932094,2
ft_B2,pointing,inf,Reconstruction_R2,0.9785555841828256,0.9146751435239704,1.0424360248416809,2
ft_B2,pointing,inf,Reconstruction_MASE,0.1474879417829704,0.08327709849643716,0.21169878506950363,2
ft_B2,pointing,inf,Number_of_submovements_per_second,2.6215715769629133,-0.7088368219142365,5.951979975840063,2
ft_B2,steering,10.0,Reconstruction_R2,0.9391466053796981,0.9343153479941323,0.9439778627652639,9
ft_B2,steering,10.0,Reconstruction_MASE,0.2467005454899499,0.2357407492124823,0.2576603417674175,9
ft_B2,steering,10.0,Number_of_submovements_per_second,3.047399663952352,2.8509977952564762,3.243801532648228,9
ft_B2,steering,20.0,Reconstruction_R2,0.9699931327023622,0.9654406842892367,0.9745455811154877,9
ft_B2,steering,20.0,Reconstruction_MASE,0.1493611288341049,0.13900086648533322,0.1597213911828766,9
ft_B2,steering,20.0,Number_of_submovements_per_second,4.0881187547412186,3.8825249843612886,4.2937125251211485,9
ft_B2,steering,inf,Reconstruction_R2,0.9738982380453712,0.9696510951706309,0.9781453809201116,9
ft_B2,steering,inf,Reconstruction_MASE,0.13070771982770518,0.12104979422646324,0.1403656454289471,9
ft_B2,steering,inf,Number_of_submovements_per_second,5.265539394529266,5.046557391449088,5.484521397609443,9
ft_B2,tablet_writing,10.0,Reconstruction_R2,0.8096638706676634,0.7928041106099116,0.8265236307254152,33
ft_B2,tablet_writing,10.0,Reconstruction_MASE,0.379051907516392,0.36235679563111356,0.39574701940167045,33
ft_B2,tablet_writing,10.0,Number_of_submovements_per_second,8.026207182762361,7.411760564325126,8.640653801199596,33
ft_B2,tablet_writing,20.0,Reconstruction_R2,0.8576092438222396,0.84365737932622,0.8715611083182592,40
ft_B2,tablet_writing,20.0,Reconstruction_MASE,0.31901168087410714,0.30010773680135466,0.3379156249468596,40
ft_B2,tablet_writing,20.0,Number_of_submovements_per_second,8.771788685582578,8.158521322815245,9.385056048349911,40
ft_B2,tablet_writing,inf,Reconstruction_R2,0.8657754496486862,0.8499545767580103,0.8815963225393622,38
ft_B2,tablet_writing,inf,Reconstruction_MASE,0.2957538706754386,0.2739513910307849,0.31755635032009233,38
ft_B2,tablet_writing,inf,Number_of_submovements_per_second,9.184922594296976,8.724592846652381,9.645252341941571,38
ft_B2,whacamole,10.0,Reconstruction_R2,0.8933137408457696,0.879532237800669,0.9070952438908703,128
ft_B2,whacamole,10.0,Reconstruction_MASE,0.343185460390625,0.3246647690230985,0.36170615175815146,128
ft_B2,whacamole,10.0,Number_of_submovements_per_second,3.444787717598956,3.2926646355644236,3.5969107996334886,128
ft_B2,whacamole,20.0,Reconstruction_R2,0.9213457773439586,0.9076767552864731,0.9350147994014442,128
ft_B2,whacamole,20.0,Reconstruction_MASE,0.243857030234375,0.22553477601403743,0.26217928445471256,128
ft_B2,whacamole,20.0,Number_of_submovements_per_second,4.745055066305213,4.512581446151675,4.977528686458751,128
ft_B2,whacamole,inf,Reconstruction_R2,0.924801689106971,0.9109451273370789,0.9386582508768632,128
ft_B2,whacamole,inf,Reconstruction_MASE,0.224008986828125,0.20523243169022568,0.24278554196602434,128
ft_B2,whacamole,inf,Number_of_submovements_per_second,5.213219788565766,4.955335442271567,5.471104134859965,128
ft_released,Fitts,10.0,Reconstruction_R2,0.8698593749409114,0.8346735873605838,0.9050451625212389,10
ft_released,Fitts,10.0,Reconstruction_MASE,0.2969420965110389,0.26234913695378587,0.331535056068292,10
ft_released,Fitts,10.0,Number_of_submovements_per_second,1.5019807137133154,1.2230826828985055,1.7808787445281253,10
ft_released,Fitts,20.0,Reconstruction_R2,0.8891937435636882,0.8481239730587088,0.9302635140686676,10
ft_released,Fitts,20.0,Reconstruction_MASE,0.2686405931398297,0.22245784129530552,0.3148233449843538,10
ft_released,Fitts,20.0,Number_of_submovements_per_second,1.6624445265391916,1.3870182962077728,1.9378707568706104,10
ft_released,Fitts,inf,Reconstruction_R2,0.8529221251638246,0.8066365965296433,0.8992076537980059,10
ft_released,Fitts,inf,Reconstruction_MASE,0.3041883040963936,0.25224930856664507,0.3561272996261421,10
ft_released,Fitts,inf,Number_of_submovements_per_second,1.7535880396695656,1.5032725748650908,2.0039035044740405,10
ft_released,crank,10.0,Reconstruction_R2,0.8863044058964922,0.863387889450324,0.9092209223426604,5
ft_released,crank,10.0,Reconstruction_MASE,0.07140997454425771,0.061412328116812076,0.08140762097170334,5
ft_released,crank,10.0,Number_of_submovements_per_second,5.2426845729872795,5.0609031461176155,5.4244659998569436,5
ft_released,crank,20.0,Reconstruction_R2,0.9251507397000488,0.9070798281475859,0.9432216512525117,5
ft_released,crank,20.0,Reconstruction_MASE,0.04942052206669996,0.045030614416186665,0.053810429717213254,5
ft_released,crank,20.0,Number_of_submovements_per_second,5.616831773071439,5.528698130206165,5.704965415936713,5
ft_released,crank,inf,Reconstruction_R2,0.8889488736202067,0.8620102020136189,0.9158875452267945,5
ft_released,crank,inf,Reconstruction_MASE,0.0654419506819667,0.06290788269527951,0.0679760186686539,5
ft_released,crank,inf,Number_of_submovements_per_second,5.915193830052429,5.705772345613939,6.124615314490919,5
ft_released,object_moving,10.0,Reconstruction_R2,0.9381507308741724,0.9278735863975726,0.9484278753507723,5
ft_released,object_moving,10.0,Reconstruction_MASE,0.14784583971534393,0.13891282377619957,0.1567788556544883,5
ft_released,object_moving,10.0,Number_of_submovements_per_second,2.2821784623854215,2.0946979533250607,2.4696589714457824,5
ft_released,object_moving,20.0,Reconstruction_R2,0.973210031128023,0.9701304769985417,0.9762895852575042,5
ft_released,object_moving,20.0,Reconstruction_MASE,0.09561556742690591,0.09148780720601801,0.09974332764779381,5
ft_released,object_moving,20.0,Number_of_submovements_per_second,3.325997211883106,3.009915373793068,3.6420790499731437,5
ft_released,object_moving,inf,Reconstruction_R2,0.9694011174290947,0.956349885310416,0.9824523495477735,5
ft_released,object_moving,inf,Reconstruction_MASE,0.09800965094444444,0.08583583594889604,0.11018346593999284,5
ft_released,object_moving,inf,Number_of_submovements_per_second,4.027550105658224,3.902692922807253,4.152407288509195,5
ft_released,pointing,10.0,Reconstruction_R2,0.9677136361016749,0.9241336928259845,1.0112935793773654,2
ft_released,pointing,10.0,Reconstruction_MASE,0.20224344835653235,0.1753305019474938,0.2291563947655709,2
ft_released,pointing,10.0,Number_of_submovements_per_second,0.8436952084507588,0.12313803234141851,1.564252384560099,2
ft_released,pointing,20.0,Reconstruction_R2,0.9809764822908477,0.9754371580308638,0.9865158065508315,2
ft_released,pointing,20.0,Reconstruction_MASE,0.15598020014362746,0.061929321558058956,0.25003107872919594,2
ft_released,pointing,20.0,Number_of_submovements_per_second,1.5868459979811793,-1.8217590621703401,4.995451058132699,2
ft_released,pointing,inf,Reconstruction_R2,0.9839952976816815,0.9568629631385768,1.0111276322247862,2
ft_released,pointing,inf,Reconstruction_MASE,0.13528078527770981,0.12513893927021044,0.1454226312852092,2
ft_released,pointing,inf,Number_of_submovements_per_second,2.760822031932266,-1.0079007765024333,6.529544840366965,2
ft_released,steering,10.0,Reconstruction_R2,0.9443671536765341,0.9400057029345128,0.9487286044185554,9
ft_released,steering,10.0,Reconstruction_MASE,0.23712412135441718,0.22658522276875948,0.2476630199400749,9
ft_released,steering,10.0,Number_of_submovements_per_second,2.8908821254102417,2.7319321874154396,3.0498320634050438,9
ft_released,steering,20.0,Reconstruction_R2,0.9706354491320658,0.9659447560903294,0.9753261421738022,9
ft_released,steering,20.0,Reconstruction_MASE,0.14702119730401236,0.13711865370713514,0.1569237409008896,9
ft_released,steering,20.0,Number_of_submovements_per_second,4.045061669174444,3.8609493475838845,4.2291739907650046,9
ft_released,steering,inf,Reconstruction_R2,0.9727112213765137,0.9686631830721204,0.9767592596809069,9
ft_released,steering,inf,Reconstruction_MASE,0.1338245346005356,0.12512925209012693,0.14251981711094425,9
ft_released,steering,inf,Number_of_submovements_per_second,5.530835562765046,5.302882755668961,5.758788369861131,9
ft_released,tablet_writing,10.0,Reconstruction_R2,0.8032724388552414,0.7871770342461535,0.8193678434643292,33
ft_released,tablet_writing,10.0,Reconstruction_MASE,0.3874147820009747,0.3680914477224262,0.40673811627952317,33
ft_released,tablet_writing,10.0,Number_of_submovements_per_second,7.355750140705795,6.908278001712452,7.803222279699138,33
ft_released,tablet_writing,20.0,Reconstruction_R2,0.8539465304623757,0.8388174244269742,0.8690756364977772,40
ft_released,tablet_writing,20.0,Reconstruction_MASE,0.3200593897505953,0.30150629728084755,0.338612482220343,40
ft_released,tablet_writing,20.0,Number_of_submovements_per_second,8.510818479955196,8.018319950707156,9.003317009203236,40
ft_released,tablet_writing,inf,Reconstruction_R2,0.8624328760462895,0.845523510548138,0.879342241544441,38
ft_released,tablet_writing,inf,Reconstruction_MASE,0.3005079877161655,0.278420036053277,0.322595939379054,38
ft_released,tablet_writing,inf,Number_of_submovements_per_second,9.179357085657076,8.753576814519795,9.605137356794357,38
ft_released,whacamole,10.0,Reconstruction_R2,0.8984369742684066,0.8854805504525353,0.911393398084278,128
ft_released,whacamole,10.0,Reconstruction_MASE,0.333650839765625,0.31710375394598644,0.3501979255852635,128
ft_released,whacamole,10.0,Number_of_submovements_per_second,3.3082911459496245,3.159653918160709,3.45692837373854,128
ft_released,whacamole,20.0,Reconstruction_R2,0.9248794829472899,0.9118226948354435,0.9379362710591364,128
ft_released,whacamole,20.0,Reconstruction_MASE,0.2375382290625,0.22100517643099626,0.2540712816940037,128
ft_released,whacamole,20.0,Number_of_submovements_per_second,4.573319554910995,4.34129115073559,4.8053479590864,128
ft_released,whacamole,inf,Reconstruction_R2,0.9293756522238255,0.9163407713259085,0.9424105331217424,128
ft_released,whacamole,inf,Reconstruction_MASE,0.2163315459765625,0.19977905324847361,0.2328840387046514,128
ft_released,whacamole,inf,Number_of_submovements_per_second,5.153955758723896,4.887660385246337,5.420251132201455,128
pre_released,Fitts,10.0,Reconstruction_R2,0.8755243704248687,0.8385053854713141,0.9125433553784233,10
pre_released,Fitts,10.0,Reconstruction_MASE,0.2859906607766234,0.2528031433075018,0.31917817824574496,10
pre_released,Fitts,10.0,Number_of_submovements_per_second,1.8138292572016574,1.5847033529450243,2.0429551614582904,10
pre_released,Fitts,20.0,Reconstruction_R2,0.8972149788529867,0.8612969684052824,0.9331329893006911,10
pre_released,Fitts,20.0,Reconstruction_MASE,0.26265756720658506,0.2200968870223283,0.30521824739084186,10
pre_released,Fitts,20.0,Number_of_submovements_per_second,1.8552747471093298,1.5427831439269348,2.167766350291725,10
pre_released,Fitts,inf,Reconstruction_R2,0.8582974539489863,0.8124447750910612,0.9041501328069114,10
pre_released,Fitts,inf,Reconstruction_MASE,0.30351176938118585,0.24909822348790603,0.3579253152744657,10
pre_released,Fitts,inf,Number_of_submovements_per_second,1.9687262385096194,1.7043810521418845,2.2330714248773544,10
pre_released,crank,10.0,Reconstruction_R2,0.5814271737862851,0.5344385781845054,0.6284157693880648,5
pre_released,crank,10.0,Reconstruction_MASE,0.14316047799072518,0.13150107398804678,0.15481988199340357,5
pre_released,crank,10.0,Number_of_submovements_per_second,3.3350906390122836,3.242526025532381,3.4276552524921864,5
pre_released,crank,20.0,Reconstruction_R2,0.6524661411410009,0.5811074565135255,0.7238248257684763,5
pre_released,crank,20.0,Reconstruction_MASE,0.12135868768787046,0.1151546175882244,0.12756275778751652,5
pre_released,crank,20.0,Number_of_submovements_per_second,4.025994426478724,3.8936651294694227,4.158323723488025,5
pre_released,crank,inf,Reconstruction_R2,0.6600766833882382,0.5825741858225799,0.7375791809538965,5
pre_released,crank,inf,Reconstruction_MASE,0.12067650342740799,0.11446876445174523,0.12688424240307075,5
pre_released,crank,inf,Number_of_submovements_per_second,5.04106886705259,4.489122672563733,5.593015061541447,5
pre_released,object_moving,10.0,Reconstruction_R2,0.9182307963491116,0.9124020949439196,0.9240594977543037,5
pre_released,object_moving,10.0,Reconstruction_MASE,0.1674451438689947,0.15964671678827969,0.17524357094970971,5
pre_released,object_moving,10.0,Number_of_submovements_per_second,2.4144254669103598,2.2498934301942115,2.578957503626508,5
pre_released,object_moving,20.0,Reconstruction_R2,0.941134226500426,0.9205289900011521,0.9617394629996999,5
pre_released,object_moving,20.0,Reconstruction_MASE,0.13289904440614447,0.11007578108328415,0.1557223077290048,5
pre_released,object_moving,20.0,Number_of_submovements_per_second,3.2556561451896338,3.0694079861955914,3.441904304183676,5
pre_released,object_moving,inf,Reconstruction_R2,0.9603073153655414,0.949549521172402,0.9710651095586808,5
pre_released,object_moving,inf,Reconstruction_MASE,0.11459940279102565,0.10353408093237529,0.125664724649676,5
pre_released,object_moving,inf,Number_of_submovements_per_second,4.996680989447567,4.647191649621721,5.346170329273413,5
pre_released,pointing,10.0,Reconstruction_R2,0.9714558191934057,0.9398010894161937,1.0031105489706178,2
pre_released,pointing,10.0,Reconstruction_MASE,0.19732942231868134,0.17659994310624225,0.21805890153112042,2
pre_released,pointing,10.0,Number_of_submovements_per_second,1.2196552555039253,-0.7833112441130317,3.2226217551208824,2
pre_released,pointing,20.0,Reconstruction_R2,0.9763444431272208,0.9731417634682962,0.9795471227861454,2
pre_released,pointing,20.0,Reconstruction_MASE,0.1706501697387255,0.1029066396461849,0.23839369983126607,2
pre_released,pointing,20.0,Number_of_submovements_per_second,1.962665810564752,-0.07220992728427511,3.9975415484137793,2
pre_released,pointing,inf,Reconstruction_R2,0.9750103813265425,0.9057093632533482,1.0443113993997368,2
pre_released,pointing,inf,Reconstruction_MASE,0.16207651532823586,0.13866505147768196,0.18548797917878976,2
pre_released,pointing,inf,Number_of_submovements_per_second,3.928300250063673,0.29444907520782104,7.562151424919525,2
pre_released,steering,10.0,Reconstruction_R2,0.9425075383626039,0.9369221439588847,0.9480929327663231,9
pre_released,steering,10.0,Reconstruction_MASE,0.2378520297181091,0.22647031084615912,0.24923374859005906,9
pre_released,steering,10.0,Number_of_submovements_per_second,3.549118464289067,3.3508141654447616,3.7474227631333727,9
pre_released,steering,20.0,Reconstruction_R2,0.9625261460373431,0.9575782597631862,0.9674740323115,9
pre_released,steering,20.0,Reconstruction_MASE,0.17044375046296295,0.16012636938883604,0.18076113153708986,9
pre_released,steering,20.0,Number_of_submovements_per_second,4.277824814396876,4.078285667244414,4.477363961549338,9
pre_released,steering,inf,Reconstruction_R2,0.9641675160368587,0.9589434239704183,0.969391608103299,9
pre_released,steering,inf,Reconstruction_MASE,0.16061365960856933,0.14958806124791446,0.1716392579692242,9
pre_released,steering,inf,Number_of_submovements_per_second,5.799084124522597,5.58780487251433,6.010363376530864,9
pre_released,tablet_writing,10.0,Reconstruction_R2,0.7937159888107008,0.7746594987783626,0.812772478843039,33
pre_released,tablet_writing,10.0,Reconstruction_MASE,0.397391774423888,0.3755423302792958,0.41924121856848023,33
pre_released,tablet_writing,10.0,Number_of_submovements_per_second,7.665784996692121,7.2615123092094205,8.070057684174822,33
pre_released,tablet_writing,20.0,Reconstruction_R2,0.8284919582857263,0.812032748253953,0.8449511683174996,40
pre_released,tablet_writing,20.0,Reconstruction_MASE,0.35417316784255953,0.3330980173354129,0.3752483183497062,40
pre_released,tablet_writing,20.0,Number_of_submovements_per_second,8.019493096933832,7.580341099902317,8.458645093965346,40
pre_released,tablet_writing,inf,Reconstruction_R2,0.8319361821302496,0.811809833364375,0.8520625308961242,38
pre_released,tablet_writing,inf,Reconstruction_MASE,0.33911479657518806,0.3149260139675902,0.36330357918278594,38
pre_released,tablet_writing,inf,Number_of_submovements_per_second,8.514967807029423,8.158810139439128,8.871125474619719,38
pre_released,whacamole,10.0,Reconstruction_R2,0.8839335311204195,0.8704744595768852,0.8973926026639538,128
pre_released,whacamole,10.0,Reconstruction_MASE,0.362791276328125,0.34589114622032213,0.3796914064359279,128
pre_released,whacamole,10.0,Number_of_submovements_per_second,3.6148064004373737,3.4611152509336365,3.768497549941111,128
pre_released,whacamole,20.0,Reconstruction_R2,0.9072529482655227,0.8936473215423701,0.9208585749886753,128
pre_released,whacamole,20.0,Reconstruction_MASE,0.280851695,0.2642515511276671,0.29745183887233295,128
pre_released,whacamole,20.0,Number_of_submovements_per_second,4.153845919354353,3.9525713224342645,4.355120516274441,128
pre_released,whacamole,inf,Reconstruction_R2,0.9124391814693809,0.899098555093269,0.9257798078454927,128
pre_released,whacamole,inf,Reconstruction_MASE,0.259033014765625,0.24243537757637948,0.2756306519548705,128
pre_released,whacamole,inf,Number_of_submovements_per_second,4.598336156050209,4.368045919570944,4.828626392529474,128
pre_rerun,Fitts,10.0,Reconstruction_R2,0.8763267167318951,0.8369737876001524,0.9156796458636378,10
pre_rerun,Fitts,10.0,Reconstruction_MASE,0.29408233925416666,0.2509420598565488,0.3372226186517845,10
pre_rerun,Fitts,10.0,Number_of_submovements_per_second,1.9127248054167691,1.626881573315491,2.198568037518047,10
pre_rerun,Fitts,20.0,Reconstruction_R2,0.8985058700896845,0.8654720364448405,0.9315397037345285,10
pre_rerun,Fitts,20.0,Reconstruction_MASE,0.26981463660666744,0.2202674250069488,0.3193618482063861,10
pre_rerun,Fitts,20.0,Number_of_submovements_per_second,1.932313285818386,1.6164915355069367,2.2481350361298356,10
pre_rerun,Fitts,inf,Reconstruction_R2,0.8519510549770878,0.8062008131644981,0.8977012967896775,10
pre_rerun,Fitts,inf,Reconstruction_MASE,0.3268030132463002,0.2654049377449995,0.38820108874760084,10
pre_rerun,Fitts,inf,Number_of_submovements_per_second,2.1305403560446967,1.853269710196671,2.407811001892722,10
pre_rerun,crank,10.0,Reconstruction_R2,0.5442851274982999,0.49556599506042237,0.5930042599361774,5
pre_rerun,crank,10.0,Reconstruction_MASE,0.14737189327550576,0.13603720313517542,0.1587065834158361,5
pre_rerun,crank,10.0,Number_of_submovements_per_second,3.551912796169687,3.440865560278535,3.6629600320608384,5
pre_rerun,crank,20.0,Reconstruction_R2,0.6300830061152661,0.5838400482853793,0.676325963945153,5
pre_rerun,crank,20.0,Reconstruction_MASE,0.1254582899397436,0.12186260712747024,0.12905397275201694,5
pre_rerun,crank,20.0,Number_of_submovements_per_second,4.182889687704977,4.040582783248843,4.32519659216111,5
pre_rerun,crank,inf,Reconstruction_R2,0.20277010846955754,-0.5075402130923836,0.9130804300314987,5
pre_rerun,crank,inf,Reconstruction_MASE,0.1599089917902849,0.1123570788449923,0.2074609047355775,5
pre_rerun,crank,inf,Number_of_submovements_per_second,4.427281967982896,3.861261158763426,4.993302777202366,5
pre_rerun,object_moving,10.0,Reconstruction_R2,0.9161285469267103,0.8922977330305362,0.9399593608228844,5
pre_rerun,object_moving,10.0,Reconstruction_MASE,0.16559727846687833,0.14810044241520534,0.18309411451855132,5
pre_rerun,object_moving,10.0,Number_of_submovements_per_second,2.5162858041299003,2.31465755436349,2.7179140538963105,5
pre_rerun,object_moving,20.0,Reconstruction_R2,0.9547434673104748,0.9454710937388893,0.9640158408820603,5
pre_rerun,object_moving,20.0,Reconstruction_MASE,0.12103697258535313,0.1126846820030575,0.12938926316764876,5
pre_rerun,object_moving,20.0,Number_of_submovements_per_second,3.185489195262855,2.945135830862261,3.4258425596634487,5
pre_rerun,object_moving,inf,Reconstruction_R2,0.944973857569219,0.9271112276896671,0.9628364874487709,5
pre_rerun,object_moving,inf,Reconstruction_MASE,0.12746091409159543,0.11204072662353173,0.14288110155965913,5
pre_rerun,object_moving,inf,Number_of_submovements_per_second,4.812153938552763,4.190429859331408,5.433878017774118,5
pre_rerun,pointing,10.0,Reconstruction_R2,0.9741113368844811,0.9413807244018431,1.0068419493671192,2
pre_rerun,pointing,10.0,Reconstruction_MASE,0.1905069368876679,0.1606006501537623,0.2204132236215735,2
pre_rerun,pointing,10.0,Number_of_submovements_per_second,1.3421451867807097,-0.6207074123105054,3.304997785871925,2
pre_rerun,pointing,20.0,Reconstruction_R2,0.9763924267654326,0.9684554575407028,0.9843293959901623,2
pre_rerun,pointing,20.0,Reconstruction_MASE,0.16998425556519609,0.09207782360177505,0.24789068752861712,2
pre_rerun,pointing,20.0,Number_of_submovements_per_second,2.003249178229667,1.8675531862721582,2.1389451701871756,2
pre_rerun,pointing,inf,Reconstruction_R2,0.9697587451507212,0.8167077989172631,1.1228096913841794,2
pre_rerun,pointing,inf,Reconstruction_MASE,0.16858901058074383,0.004614551853651533,0.3325634693078361,2
pre_rerun,pointing,inf,Number_of_submovements_per_second,3.5722820489873124,1.8629148384838834,5.281649259490742,2
pre_rerun,steering,10.0,Reconstruction_R2,0.9479587619127048,0.9429936227508442,0.9529239010745654,9
pre_rerun,steering,10.0,Reconstruction_MASE,0.23089014645560152,0.21990298270833353,0.2418773102028695,9
pre_rerun,steering,10.0,Number_of_submovements_per_second,3.4731434317626224,3.2796630517622605,3.6666238117629844,9
pre_rerun,steering,20.0,Reconstruction_R2,0.9665634350000339,0.9621323432754948,0.9709945267245731,9
pre_rerun,steering,20.0,Reconstruction_MASE,0.1623714855447531,0.15249390440909683,0.1722490666804094,9
pre_rerun,steering,20.0,Number_of_submovements_per_second,4.127661379295642,3.934681061358849,4.320641697232435,9
pre_rerun,steering,inf,Reconstruction_R2,0.9689029268606598,0.964731509702866,0.9730743440184536,9
pre_rerun,steering,inf,Reconstruction_MASE,0.15041512875372184,0.1409088722596474,0.15992138524779628,9
pre_rerun,steering,inf,Number_of_submovements_per_second,5.503066394952874,5.305549176516167,5.700583613389582,9
pre_rerun,tablet_writing,10.0,Reconstruction_R2,0.7965575376443992,0.7770271787359406,0.8160878965528577,33
pre_rerun,tablet_writing,10.0,Reconstruction_MASE,0.3878779375446571,0.36713605785294695,0.40861981723636726,33
pre_rerun,tablet_writing,10.0,Number_of_submovements_per_second,7.8919709508487,7.435274825867935,8.348667075829466,33
pre_rerun,tablet_writing,20.0,Reconstruction_R2,0.835597023568338,0.8189330256287801,0.8522610215078958,40
pre_rerun,tablet_writing,20.0,Reconstruction_MASE,0.3435557610851191,0.3218463930996273,0.36526512907061087,40
pre_rerun,tablet_writing,20.0,Number_of_submovements_per_second,8.004170336680753,7.523249821141898,8.485090852219606,40
pre_rerun,tablet_writing,inf,Reconstruction_R2,0.8418695407553125,0.8240401164169155,0.8596989650937095,38
pre_rerun,tablet_writing,inf,Reconstruction_MASE,0.3260048122650376,0.30310676102900963,0.34890286350106553,38
pre_rerun,tablet_writing,inf,Number_of_submovements_per_second,8.623976579090035,8.169975622320273,9.077977535859798,38
pre_rerun,whacamole,10.0,Reconstruction_R2,0.8795526372268796,0.8652774365565267,0.8938278378972325,128
pre_rerun,whacamole,10.0,Reconstruction_MASE,0.36764798593750003,0.34942875246517313,0.38586721940982693,128
pre_rerun,whacamole,10.0,Number_of_submovements_per_second,3.7744542854488827,3.6162026940920193,3.932705876805746,128
pre_rerun,whacamole,20.0,Reconstruction_R2,0.9030609023757279,0.8883725751175343,0.9177492296339215,128
pre_rerun,whacamole,20.0,Reconstruction_MASE,0.28461728390625,0.2670716168072712,0.30216295100522883,128
pre_rerun,whacamole,20.0,Number_of_submovements_per_second,4.185229509312194,3.9853106697506293,4.385148348873758,128
pre_rerun,whacamole,inf,Reconstruction_R2,0.9067595796659589,0.8920962610803295,0.9214228982515883,128
pre_rerun,whacamole,inf,Reconstruction_MASE,0.26553585007812497,0.24754091867159989,0.28353078148465005,128
pre_rerun,whacamole,inf,Number_of_submovements_per_second,4.6907328214729205,4.465653612664714,4.915812030281127,128
pre_rerun_s1000,Fitts,10.0,Reconstruction_R2,0.8669757425123865,0.8299071464479354,0.9040443385768376,10
pre_rerun_s1000,Fitts,10.0,Reconstruction_MASE,0.29261247003154767,0.2590890821004666,0.32613585796262873,10
pre_rerun_s1000,Fitts,10.0,Number_of_submovements_per_second,1.8774689067167216,1.636213134117718,2.1187246793157253,10
pre_rerun_s1000,Fitts,20.0,Reconstruction_R2,0.8853857298179861,0.8505449009852806,0.9202265586506917,10
pre_rerun_s1000,Fitts,20.0,Reconstruction_MASE,0.2720435992756921,0.22832542417247048,0.31576177437891373,10
pre_rerun_s1000,Fitts,20.0,Number_of_submovements_per_second,1.8524387014026196,1.5562611030432403,2.148616299761999,10
pre_rerun_s1000,Fitts,inf,Reconstruction_R2,0.8514399415269202,0.8063459846326768,0.8965338984211635,10
pre_rerun_s1000,Fitts,inf,Reconstruction_MASE,0.310912938156641,0.25753460781555537,0.36429126849772664,10
pre_rerun_s1000,Fitts,inf,Number_of_submovements_per_second,2.0258770008954934,1.7752447723041302,2.2765092294868565,10
pre_rerun_s1000,crank,10.0,Reconstruction_R2,0.4796346384780339,0.3845873736613186,0.5746819032947492,5
pre_rerun_s1000,crank,10.0,Reconstruction_MASE,0.15682918910652038,0.15153016667677663,0.16212821153626414,5
pre_rerun_s1000,crank,10.0,Number_of_submovements_per_second,3.474241411381242,3.412118740323607,3.5363640824388773,5
pre_rerun_s1000,crank,20.0,Reconstruction_R2,0.6272479217632231,0.5593887595523156,0.6951070839741306,5
pre_rerun_s1000,crank,20.0,Reconstruction_MASE,0.12673381685282217,0.12000036023545241,0.13346727347019194,5
pre_rerun_s1000,crank,20.0,Number_of_submovements_per_second,3.9760117776502115,3.865145016859773,4.08687853844065,5
pre_rerun_s1000,crank,inf,Reconstruction_R2,0.5863298648996262,0.39354916148159935,0.7791105683176531,5
pre_rerun_s1000,crank,inf,Reconstruction_MASE,0.1300015714857133,0.11577935666146182,0.14422378630996482,5
pre_rerun_s1000,crank,inf,Number_of_submovements_per_second,4.5093335031114705,4.179865510685912,4.838801495537029,5
pre_rerun_s1000,object_moving,10.0,Reconstruction_R2,0.9275600913025084,0.923771826458614,0.9313483561464028,5
pre_rerun_s1000,object_moving,10.0,Reconstruction_MASE,0.16267993572174605,0.1554654671268529,0.16989440431663919,5
pre_rerun_s1000,object_moving,10.0,Number_of_submovements_per_second,2.8091982899263264,2.7042043904621407,2.914192189390512,5
pre_rerun_s1000,object_moving,20.0,Reconstruction_R2,0.9479262272341377,0.9362756892090028,0.9595767652592725,5
pre_rerun_s1000,object_moving,20.0,Reconstruction_MASE,0.13310891041187714,0.12146510403096082,0.14475271679279345,5
pre_rerun_s1000,object_moving,20.0,Number_of_submovements_per_second,3.454986797724873,3.153807323407337,3.7561662720424094,5
pre_rerun_s1000,object_moving,inf,Reconstruction_R2,0.9574940344546935,0.9486018104910311,0.9663862584183559,5
pre_rerun_s1000,object_moving,inf,Reconstruction_MASE,0.11669704032905984,0.10493336727229641,0.12846071338582327,5
pre_rerun_s1000,object_moving,inf,Number_of_submovements_per_second,4.64766070063616,4.3432616255002765,4.952059775772043,5
pre_rerun_s1000,pointing,10.0,Reconstruction_R2,0.9704838036690293,0.8935704975655254,1.0473971097725332,2
pre_rerun_s1000,pointing,10.0,Reconstruction_MASE,0.19334779005885228,0.15240056163690796,0.2342950184807966,2
pre_rerun_s1000,pointing,10.0,Number_of_submovements_per_second,1.449784526666251,-0.9650248185968919,3.8645938719293937,2
pre_rerun_s1000,pointing,20.0,Reconstruction_R2,0.9769254326820374,0.968469065097991,0.9853818002660837,2
pre_rerun_s1000,pointing,20.0,Reconstruction_MASE,0.1668222025892157,0.08974676265030078,0.24389764252813062,2
pre_rerun_s1000,pointing,20.0,Number_of_submovements_per_second,2.129736593198579,0.48319808808280285,3.776275098314355,2
pre_rerun_s1000,pointing,inf,Reconstruction_R2,0.9737188663376495,0.9487403398330772,0.9986973928422218,2
pre_rerun_s1000,pointing,inf,Reconstruction_MASE,0.15788279137594813,0.09448366894574516,0.2212819138061511,2
pre_rerun_s1000,pointing,inf,Number_of_submovements_per_second,3.5689070546675534,2.1953585020742445,4.942455607260863,2
pre_rerun_s1000,steering,10.0,Reconstruction_R2,0.9460578966548153,0.9409976461956571,0.9511181471139736,9
pre_rerun_s1000,steering,10.0,Reconstruction_MASE,0.23096150219681708,0.21968911474188063,0.24223388965175352,9
pre_rerun_s1000,steering,10.0,Number_of_submovements_per_second,3.40751182081119,3.2335555406890815,3.5814681009332987,9
pre_rerun_s1000,steering,20.0,Reconstruction_R2,0.9651419044184831,0.9601527906283506,0.9701310182086157,9
pre_rerun_s1000,steering,20.0,Reconstruction_MASE,0.16278129830092591,0.15244926562290642,0.1731133309789454,9
pre_rerun_s1000,steering,20.0,Number_of_submovements_per_second,4.14259981357113,3.95251904228632,4.33268058485594,9
pre_rerun_s1000,steering,inf,Reconstruction_R2,0.967469106888914,0.9625562285132552,0.9723819852645728,9
pre_rerun_s1000,steering,inf,Reconstruction_MASE,0.14992200724346405,0.13955091207264733,0.16029310241428077,9
pre_rerun_s1000,steering,inf,Number_of_submovements_per_second,5.486062516553697,5.275665878222119,5.696459154885275,9
pre_rerun_s1000,tablet_writing,10.0,Reconstruction_R2,0.7924249211271117,0.771975681574076,0.8128741606801474,33
pre_rerun_s1000,tablet_writing,10.0,Reconstruction_MASE,0.3930388232376396,0.370919717229394,0.41515792924588524,33
pre_rerun_s1000,tablet_writing,10.0,Number_of_submovements_per_second,7.954742940710158,7.423900475850528,8.48558540556979,33
pre_rerun_s1000,tablet_writing,20.0,Reconstruction_R2,0.8250928683898279,0.8040303205830677,0.8461554161965881,40
pre_rerun_s1000,tablet_writing,20.0,Reconstruction_MASE,0.35023266777738093,0.3288641314590219,0.37160120409574,40
pre_rerun_s1000,tablet_writing,20.0,Number_of_submovements_per_second,8.189680324601275,7.718610877219634,8.660749771982916,40
pre_rerun_s1000,tablet_writing,inf,Reconstruction_R2,0.8258688979728479,0.8049895593104553,0.8467482366352405,38
pre_rerun_s1000,tablet_writing,inf,Reconstruction_MASE,0.3434508646491228,0.31789455675838724,0.3690071725398583,38
pre_rerun_s1000,tablet_writing,inf,Number_of_submovements_per_second,8.972489682075224,8.527205880066077,9.417773484084371,38
pre_rerun_s1000,whacamole,10.0,Reconstruction_R2,0.8861562921665609,0.8735108755672168,0.8988017087659049,128
pre_rerun_s1000,whacamole,10.0,Reconstruction_MASE,0.353524224140625,0.3374458277278286,0.3696026205534214,128
pre_rerun_s1000,whacamole,10.0,Number_of_submovements_per_second,3.4817813939298503,3.3333139758317136,3.630248812027987,128
pre_rerun_s1000,whacamole,20.0,Reconstruction_R2,0.9087946843355894,0.8957136998029573,0.9218756688682215,128
pre_rerun_s1000,whacamole,20.0,Reconstruction_MASE,0.275502535859375,0.25926439002118506,0.29174068169756495,128
pre_rerun_s1000,whacamole,20.0,Number_of_submovements_per_second,3.916376957204193,3.725389790598098,4.107364123810288,128
pre_rerun_s1000,whacamole,inf,Reconstruction_R2,0.9126754147000611,0.8995958688532053,0.9257549605469169,128
pre_rerun_s1000,whacamole,inf,Reconstruction_MASE,0.255764819375,0.23923626145809662,0.2722933772919034,128
pre_rerun_s1000,whacamole,inf,Number_of_submovements_per_second,4.3632245500339195,4.146251924906679,4.58019717516116,128
