checkpoint,dataset,snr,metric,median,lower,upper,n_participants,interval
ft_A,Fitts,10.0,Reconstruction_R2,0.8733638409412268,0.8108065832744945,0.9445900678634643,10,min–max
ft_A,Fitts,10.0,Reconstruction_MASE,0.3022110475151515,0.230763194,0.3615057209090909,10,min–max
ft_A,Fitts,10.0,Number_of_submovements_per_second,1.3846664124866948,1.0917975008487701,2.400286439806223,10,min–max
ft_A,Fitts,20.0,Reconstruction_R2,0.8917604181915522,0.7611377239227295,0.9673353963428073,10,min–max
ft_A,Fitts,20.0,Reconstruction_MASE,0.2662184006009615,0.17188402555555554,0.41179499785714285,10,min–max
ft_A,Fitts,20.0,Number_of_submovements_per_second,1.5985176453832537,1.267565100600845,2.3090584482997656,10,min–max
ft_A,Fitts,inf,Reconstruction_R2,0.8704550402859847,0.7157288938760757,0.9345479528109233,10,min–max
ft_A,Fitts,inf,Reconstruction_MASE,0.2850284055208333,0.21111091066666668,0.4668228841666667,10,min–max
ft_A,Fitts,inf,Number_of_submovements_per_second,1.7662598598482353,1.14638077840209,2.51336139626801,10,min–max
ft_A,crank,10.0,Reconstruction_R2,0.8433615675678959,0.805736535361835,0.8677609328712735,5,min–max
ft_A,crank,10.0,Reconstruction_MASE,0.08911001425,0.0733955895882353,0.09753901062962962,5,min–max
ft_A,crank,10.0,Number_of_submovements_per_second,5.826442837715149,5.689549779190736,5.9978098918994265,5,min–max
ft_A,crank,20.0,Reconstruction_R2,0.9259019367622606,0.9101011134110965,0.9469552352314904,5,min–max
ft_A,crank,20.0,Reconstruction_MASE,0.04985191053846154,0.046401348333333335,0.05541407490909091,5,min–max
ft_A,crank,20.0,Number_of_submovements_per_second,5.585989696638925,5.506667334299821,5.641905106604099,5,min–max
ft_A,crank,inf,Reconstruction_R2,0.8837708902359008,0.8597004872102004,0.908146554773504,5,min–max
ft_A,crank,inf,Reconstruction_MASE,0.0708980415925926,0.061472756318181825,0.0711707325,5,min–max
ft_A,crank,inf,Number_of_submovements_per_second,5.734726752747189,5.551508549186918,6.003045988082886,5,min–max
ft_A,object_moving,10.0,Reconstruction_R2,0.9211340427398682,0.8861936330795288,0.9435278688158307,5,min–max
ft_A,object_moving,10.0,Reconstruction_MASE,0.1635171504,0.1408506188095238,0.18838338233333332,5,min–max
ft_A,object_moving,10.0,Number_of_submovements_per_second,2.5097821429371834,2.4203690833279063,2.538539464585483,5,min–max
ft_A,object_moving,20.0,Reconstruction_R2,0.976538245167051,0.9759664138158163,0.9782780140638352,5,min–max
ft_A,object_moving,20.0,Reconstruction_MASE,0.09058858974999999,0.08557649108695652,0.09175679893333334,5,min–max
ft_A,object_moving,20.0,Number_of_submovements_per_second,3.2817909461648567,3.167087685316801,3.6085055356046984,5,min–max
ft_A,object_moving,inf,Reconstruction_R2,0.9769235551357269,0.9643073104895078,0.9774612784385681,5,min–max
ft_A,object_moving,inf,Reconstruction_MASE,0.09152838225925926,0.08906248084615384,0.11065129226923077,5,min–max
ft_A,object_moving,inf,Number_of_submovements_per_second,4.118461757898331,3.970324837913116,4.149398520015753,5,min–max
ft_A,pointing,10.0,Reconstruction_R2,0.9705475402693463,0.9686180286937289,0.9724770518449637,2,min–max
ft_A,pointing,10.0,Reconstruction_MASE,0.19669112001709402,0.1945898811111111,0.19879235892307692,2,min–max
ft_A,pointing,10.0,Number_of_submovements_per_second,0.8429338442223085,0.7855171816689628,0.9003505067756543,2,min–max
ft_A,pointing,20.0,Reconstruction_R2,0.9774740044684971,0.9740244001150131,0.980923608821981,2,min–max
ft_A,pointing,20.0,Reconstruction_MASE,0.15781358549607843,0.14864252655882354,0.16698464443333333,2,min–max
ft_A,pointing,20.0,Number_of_submovements_per_second,1.5549118820824388,1.3589653278262739,1.7508584363386035,2,min–max
ft_A,pointing,inf,Reconstruction_R2,0.9820835727597612,0.9815846076652185,0.982582537854304,2,min–max
ft_A,pointing,inf,Reconstruction_MASE,0.13909617707328115,0.1364512063432836,0.14174114780327868,2,min–max
ft_A,pointing,inf,Number_of_submovements_per_second,2.6179612682212134,2.3397519422778443,2.8961705941645826,2,min–max
ft_A,steering,10.0,Reconstruction_R2,0.9419851501782736,0.9340258955955505,0.9529398009181023,9,min–max
ft_A,steering,10.0,Reconstruction_MASE,0.2425943109090909,0.21707466285714286,0.26303367388888893,9,min–max
ft_A,steering,10.0,Number_of_submovements_per_second,2.919949396298482,2.6101563731208444,3.388739585876465,9,min–max
ft_A,steering,20.0,Reconstruction_R2,0.9679233233133951,0.9617155194282532,0.9789232611656189,9,min–max
ft_A,steering,20.0,Reconstruction_MASE,0.15011409866666667,0.1269663371875,0.16184228250000002,9,min–max
ft_A,steering,20.0,Number_of_submovements_per_second,4.105961695313454,3.7430619774386287,4.449507482349873,9,min–max
ft_A,steering,inf,Reconstruction_R2,0.9701975286006927,0.9665653586387635,0.9809183303047629,9,min–max
ft_A,steering,inf,Reconstruction_MASE,0.14043999666666665,0.11522691505882353,0.14542940733333334,9,min–max
ft_A,steering,inf,Number_of_submovements_per_second,5.664810885985692,5.02432937733829,5.994389146566391,9,min–max
ft_A,tablet_writing,10.0,Reconstruction_R2,0.80685193836689,0.7091180086135864,0.9014456272125244,33,min–max
ft_A,tablet_writing,10.0,Reconstruction_MASE,0.39169481333333334,0.27813855,0.53252,33,min–max
ft_A,tablet_writing,10.0,Number_of_submovements_per_second,7.485498547554016,4.109589010477066,9.863013625144958,33,min–max
ft_A,tablet_writing,20.0,Reconstruction_R2,0.8578329086303711,0.7823049575090408,0.9526991762220859,40,p2.5–p97.5
ft_A,tablet_writing,20.0,Reconstruction_MASE,0.3162350983333333,0.206281243,0.406114956875,40,p2.5–p97.5
ft_A,tablet_writing,20.0,Number_of_submovements_per_second,8.690482005476952,5.057110578753054,10.93527790904045,40,p2.5–p97.5
ft_A,tablet_writing,inf,Reconstruction_R2,0.8595754206180573,0.6357479691505432,0.9560337066650392,38,min–max
ft_A,tablet_writing,inf,Reconstruction_MASE,0.297150579047619,0.200119035,0.47562575,38,min–max
ft_A,tablet_writing,inf,Number_of_submovements_per_second,9.351252104554858,6.398678496479988,11.386861503124235,38,min–max
ft_A,whacamole,10.0,Reconstruction_R2,0.929101288318634,0.6713320046663285,0.9557113274931908,128,p2.5–p97.5
ft_A,whacamole,10.0,Reconstruction_MASE,0.310948495,0.24606124950000002,0.64816280875,128,p2.5–p97.5
ft_A,whacamole,10.0,Number_of_submovements_per_second,3.6046984791755676,1.451282512396574,4.554380469024181,128,p2.5–p97.5
ft_A,whacamole,20.0,Reconstruction_R2,0.956658661365509,0.7103146255016327,0.9826476722955704,128,p2.5–p97.5
ft_A,whacamole,20.0,Reconstruction_MASE,0.20941543499999998,0.15495443,0.5511444827500002,128,p2.5–p97.5
ft_A,whacamole,20.0,Number_of_submovements_per_second,4.935303255915642,1.6912451209500432,6.566555868834257,128,p2.5–p97.5
ft_A,whacamole,inf,Reconstruction_R2,0.9611228704452515,0.6853362575173378,0.9815143913030624,128,p2.5–p97.5
ft_A,whacamole,inf,Reconstruction_MASE,0.18930869500000003,0.13338953425,0.5539988155000001,128,p2.5–p97.5
ft_A,whacamole,inf,Number_of_submovements_per_second,5.642072707414627,1.8454418638721108,7.335127718746662,128,p2.5–p97.5
ft_A2,Fitts,10.0,Reconstruction_R2,0.8706672072410584,0.8090404987335205,0.9469574689865112,10,min–max
ft_A2,Fitts,10.0,Reconstruction_MASE,0.30143369995833336,0.22461161400000001,0.36524821799999996,10,min–max
ft_A2,Fitts,10.0,Number_of_submovements_per_second,1.614961358718574,1.1370007321238518,2.484670002013445,10,min–max
ft_A2,Fitts,20.0,Reconstruction_R2,0.898793808429649,0.7658774682453701,0.9572689069641961,10,min–max
ft_A2,Fitts,20.0,Reconstruction_MASE,0.26597340773279354,0.1898685877777778,0.40322961714285716,10,min–max
ft_A2,Fitts,20.0,Number_of_submovements_per_second,1.8141306673642248,1.3365711624685086,2.638033427564161,10,min–max
ft_A2,Fitts,inf,Reconstruction_R2,0.8718087611099083,0.7085464795430502,0.9360371708869935,10,min–max
ft_A2,Fitts,inf,Reconstruction_MASE,0.2922104630208333,0.20740371066666666,0.4714866725,10,min–max
ft_A2,Fitts,inf,Number_of_submovements_per_second,2.0107699707880906,1.3913644813001156,2.4120827578008175,10,min–max
ft_A2,crank,10.0,Reconstruction_R2,0.8901812945093427,0.8729360380343029,0.9251894740497365,5,min–max
ft_A2,crank,10.0,Reconstruction_MASE,0.06714110725,0.056107931588235294,0.08687454771428571,5,min–max
ft_A2,crank,10.0,Number_of_submovements_per_second,5.420929715037346,5.3118635626400215,5.458096015666213,5,min–max
ft_A2,crank,20.0,Reconstruction_R2,0.9300824313452749,0.9053841347877796,0.9559550682703654,5,min–max
ft_A2,crank,20.0,Reconstruction_MASE,0.04916902823076923,0.043457394142857146,0.05350101812121212,5,min–max
ft_A2,crank,20.0,Number_of_submovements_per_second,5.575069061347416,5.495802255777212,5.653953440487385,5,min–max
ft_A2,crank,inf,Reconstruction_R2,0.8983884522548089,0.8864742541313171,0.9225992582462452,5,min–max
ft_A2,crank,inf,Reconstruction_MASE,0.06223309244,0.057228002409090914,0.06368869203703703,5,min–max
ft_A2,crank,inf,Number_of_submovements_per_second,5.757764686758701,5.620754046572579,5.952598839998245,5,min–max
ft_A2,object_moving,10.0,Reconstruction_R2,0.9308650761842727,0.9112812956174214,0.9383489931071246,5,min–max
ft_A2,object_moving,10.0,Reconstruction_MASE,0.16103635616666667,0.14637913222222224,0.1784642685,5,min–max
ft_A2,object_moving,10.0,Number_of_submovements_per_second,2.5988077595829964,2.5683744130656123,2.825567482837609,5,min–max
ft_A2,object_moving,20.0,Reconstruction_R2,0.976390404360635,0.9697594741980234,0.9793586581945419,5,min–max
ft_A2,object_moving,20.0,Reconstruction_MASE,0.09245143688888889,0.08564286645,0.09811845713333334,5,min–max
ft_A2,object_moving,20.0,Number_of_submovements_per_second,3.3929947279393673,3.290142737329006,3.743976564811809,5,min–max
ft_A2,object_moving,inf,Reconstruction_R2,0.9712318159066714,0.9486372837653527,0.9756064977910783,5,min–max
ft_A2,object_moving,inf,Reconstruction_MASE,0.09553784177777777,0.09004582011538462,0.11379399888461537,5,min–max
ft_A2,object_moving,inf,Number_of_submovements_per_second,3.861678277070706,3.795670714850227,4.007969601796224,5,min–max
ft_A2,pointing,10.0,Reconstruction_R2,0.9645458211392273,0.9608435190640963,0.9682481232143584,2,min–max
ft_A2,pointing,10.0,Reconstruction_MASE,0.20466091733455433,0.19612062174603173,0.21320121292307692,2,min–max
ft_A2,pointing,10.0,Number_of_submovements_per_second,0.8766417121617021,0.8613746387085744,0.8919087856148298,2,min–max
ft_A2,pointing,20.0,Reconstruction_R2,0.9792927659901918,0.9780474056800207,0.980538126300363,2,min–max
ft_A2,pointing,20.0,Reconstruction_MASE,0.15763861829950981,0.14917928088235294,0.1660979557166667,2,min–max
ft_A2,pointing,20.0,Number_of_submovements_per_second,1.6176760219557977,1.44115999519058,1.7941920487210155,2,min–max
ft_A2,pointing,inf,Reconstruction_R2,0.9816911065450122,0.9788349146273598,0.9845472984626645,2,min–max
ft_A2,pointing,inf,Reconstruction_MASE,0.14279259191130414,0.14204573785245903,0.14353944597014925,2,min–max
ft_A2,pointing,inf,Number_of_submovements_per_second,2.6990795411226043,2.3788399727486853,3.0193191094965233,2,min–max
ft_A2,steering,10.0,Reconstruction_R2,0.9430349086012159,0.9359065214792888,0.9537352733314037,9,min–max
ft_A2,steering,10.0,Reconstruction_MASE,0.24271032,0.21462043428571428,0.26051397444444446,9,min–max
ft_A2,steering,10.0,Number_of_submovements_per_second,2.954611497429701,2.6558223087340593,3.3695539087057114,9,min–max
ft_A2,steering,20.0,Reconstruction_R2,0.9683000564575195,0.9605052173137665,0.9791259132325649,9,min–max
ft_A2,steering,20.0,Reconstruction_MASE,0.148440448,0.1269595069375,0.16102982583333333,9,min–max
ft_A2,steering,20.0,Number_of_submovements_per_second,4.091976198057334,3.7388720512390137,4.420192977413535,9,min–max
ft_A2,steering,inf,Reconstruction_R2,0.97052301466465,0.9668798764546712,0.9810596248682808,9,min–max
ft_A2,steering,inf,Reconstruction_MASE,0.13995536111111112,0.115407368,0.14396128133333336,9,min–max
ft_A2,steering,inf,Number_of_submovements_per_second,5.601016779740651,4.9907339829951525,5.942522406578064,9,min–max
ft_A2,tablet_writing,10.0,Reconstruction_R2,0.8062459826469421,0.7307342290878296,0.911953628063202,33,min–max
ft_A2,tablet_writing,10.0,Reconstruction_MASE,0.38371924,0.28704616,0.516523,33,min–max
ft_A2,tablet_writing,10.0,Number_of_submovements_per_second,7.135066390037537,4.642913490533829,10.136986076831818,33,min–max
ft_A2,tablet_writing,20.0,Reconstruction_R2,0.855566884080569,0.7757124930620194,0.9462856106460095,40,p2.5–p97.5
ft_A2,tablet_writing,20.0,Reconstruction_MASE,0.3207443525,0.2215030345,0.41324236712499995,40,p2.5–p97.5
ft_A2,tablet_writing,20.0,Number_of_submovements_per_second,8.460049629211426,5.051666881889105,10.061233291402457,40,p2.5–p97.5
ft_A2,tablet_writing,inf,Reconstruction_R2,0.8676512390375137,0.7559850215911865,0.9436303377151488,38,min–max
ft_A2,tablet_writing,inf,Reconstruction_MASE,0.287836078,0.21045745,0.47805166499999996,38,min–max
ft_A2,tablet_writing,inf,Number_of_submovements_per_second,8.935508076101542,6.000000089406967,10.803306251764297,38,min–max
ft_A2,whacamole,10.0,Reconstruction_R2,0.928159922361374,0.6613799512386322,0.9588911190629006,128,p2.5–p97.5
ft_A2,whacamole,10.0,Reconstruction_MASE,0.31163081,0.24388228025,0.6592890625,128,p2.5–p97.5
ft_A2,whacamole,10.0,Number_of_submovements_per_second,3.552206978201866,1.3968895906582475,4.467462468892336,128,p2.5–p97.5
ft_A2,whacamole,20.0,Reconstruction_R2,0.9572955965995789,0.6852146372199058,0.9824059039354325,128,p2.5–p97.5
ft_A2,whacamole,20.0,Reconstruction_MASE,0.20921181,0.1556297955,0.5637312700000001,128,p2.5–p97.5
ft_A2,whacamole,20.0,Number_of_submovements_per_second,4.848827496170998,1.69514374807477,6.507428057491779,128,p2.5–p97.5
ft_A2,whacamole,inf,Reconstruction_R2,0.9618384838104248,0.6837071210145951,0.983665156364441,128,p2.5–p97.5
ft_A2,whacamole,inf,Reconstruction_MASE,0.188442765,0.133942909,0.566737061,128,p2.5–p97.5
ft_A2,whacamole,inf,Number_of_submovements_per_second,5.579800978302956,1.8040531827136874,7.242675818502903,128,p2.5–p97.5
ft_B,Fitts,10.0,Reconstruction_R2,0.8694509426752726,0.8012339572111765,0.94797709385554,10,min–max
ft_B,Fitts,10.0,Reconstruction_MASE,0.31444068536363634,0.223431606,0.391407245,10,min–max
ft_B,Fitts,10.0,Number_of_submovements_per_second,1.3575516964774579,1.1510495451511815,2.0557961883870037,10,min–max
ft_B,Fitts,20.0,Reconstruction_R2,0.899845630420666,0.7713645866939,0.9700437254375882,10,min–max
ft_B,Fitts,20.0,Reconstruction_MASE,0.27035057,0.16748444333333334,0.45291796285714286,10,min–max
ft_B,Fitts,20.0,Number_of_submovements_per_second,1.5728347417898476,1.185624938654272,2.3249541329486028,10,min–max
ft_B,Fitts,inf,Reconstruction_R2,0.8596616834402084,0.6966868390639623,0.9316190679868063,10,min–max
ft_B,Fitts,inf,Reconstruction_MASE,0.3191042046875,0.21467764933333333,0.5426083425,10,min–max
ft_B,Fitts,inf,Number_of_submovements_per_second,2.01830948702991,1.4463151134550571,2.566051572561264,10,min–max
ft_B,crank,10.0,Reconstruction_R2,0.8934288642236164,0.8668582660180552,0.9104756397359511,5,min–max
ft_B,crank,10.0,Reconstruction_MASE,0.06552741232142857,0.059750511470588234,0.088148134,5,min–max
ft_B,crank,10.0,Number_of_submovements_per_second,4.88556725137374,4.658562293542283,5.061165674456528,5,min–max
ft_B,crank,20.0,Reconstruction_R2,0.911158969769111,0.9083651850620905,0.939495617435092,5,min–max
ft_B,crank,20.0,Reconstruction_MASE,0.04844378973076923,0.046205881208333334,0.05795733096969697,5,min–max
ft_B,crank,20.0,Number_of_submovements_per_second,5.468585900962353,5.361458577892997,5.611769147217274,5,min–max
ft_B,crank,inf,Reconstruction_R2,0.8962701640345834,0.8890851162947141,0.9185977004192494,5,min–max
ft_B,crank,inf,Reconstruction_MASE,0.0613907446,0.05872986571428571,0.0647331561111111,5,min–max
ft_B,crank,inf,Number_of_submovements_per_second,5.6826408092792215,5.500303225384818,5.901042902469635,5,min–max
ft_B,object_moving,10.0,Reconstruction_R2,0.9274408331623784,0.8687628587086995,0.9434208065271378,5,min–max
ft_B,object_moving,10.0,Reconstruction_MASE,0.15525794892592593,0.14857550495238095,0.19224653549999998,5,min–max
ft_B,object_moving,10.0,Number_of_submovements_per_second,2.2850135767034123,2.048218117819892,2.3496952364221215,5,min–max
ft_B,object_moving,20.0,Reconstruction_R2,0.9778535451207843,0.9741689452418575,0.9790247238200643,5,min–max
ft_B,object_moving,20.0,Reconstruction_MASE,0.09106674835714286,0.08683029155,0.09486499836666668,5,min–max
ft_B,object_moving,20.0,Number_of_submovements_per_second,3.132769051939249,3.032733475708443,3.345631138820733,5,min–max
ft_B,object_moving,inf,Reconstruction_R2,0.9619258791208267,0.9534097611904144,0.977823261861448,5,min–max
ft_B,object_moving,inf,Reconstruction_MASE,0.10710012091666667,0.08354449623076923,0.114423268,5,min–max
ft_B,object_moving,inf,Number_of_submovements_per_second,3.8098052659860024,3.5935770777555613,4.230652010211577,5,min–max
ft_B,pointing,10.0,Reconstruction_R2,0.9712532929739528,0.9699583441492111,0.9725482417986944,2,min–max
ft_B,pointing,10.0,Reconstruction_MASE,0.19686516496825396,0.19411595993650793,0.19961436999999999,2,min–max
ft_B,pointing,10.0,Number_of_submovements_per_second,0.823453102120959,0.7490481578168415,0.8978580464250766,2,min–max
ft_B,pointing,20.0,Reconstruction_R2,0.9775713673117115,0.9774311693275676,0.9777115652958552,2,min–max
ft_B,pointing,20.0,Reconstruction_MASE,0.1585345688882353,0.1509950596764706,0.1660740781,2,min–max
ft_B,pointing,20.0,Number_of_submovements_per_second,1.6338598510140883,1.4604189211283536,1.8073007808998227,2,min–max
ft_B,pointing,inf,Reconstruction_R2,0.9787420802472826,0.9720966397826352,0.98538752071193,2,min–max
ft_B,pointing,inf,Reconstruction_MASE,0.1435390183336188,0.13714287695081967,0.1499351597164179,2,min–max
ft_B,pointing,inf,Number_of_submovements_per_second,2.6042748939729945,2.4771620438837294,2.7313877440622596,2,min–max
ft_B,steering,10.0,Reconstruction_R2,0.9404117681763389,0.9312296311060587,0.9514539539813995,9,min–max
ft_B,steering,10.0,Reconstruction_MASE,0.24343567583333334,0.21812451,0.265165585,9,min–max
ft_B,steering,10.0,Number_of_submovements_per_second,3.0033147048491697,2.661424786783755,3.586292177438736,9,min–max
ft_B,steering,20.0,Reconstruction_R2,0.9677477796872457,0.9614666663110256,0.9791750609874725,9,min–max
ft_B,steering,20.0,Reconstruction_MASE,0.15009809866666668,0.127013422875,0.16287635833333333,9,min–max
ft_B,steering,20.0,Number_of_submovements_per_second,4.037518960734208,3.6866436945274472,4.45207541808486,9,min–max
ft_B,steering,inf,Reconstruction_R2,0.9720656424760818,0.9684345960617066,0.9821475744247437,9,min–max
ft_B,steering,inf,Reconstruction_MASE,0.13573844588235295,0.11122671411764706,0.14205141866666665,9,min–max
ft_B,steering,inf,Number_of_submovements_per_second,5.239366094271342,4.688840992748737,5.56850990653038,9,min–max
ft_B,tablet_writing,10.0,Reconstruction_R2,0.809923165374332,0.7270934581756592,0.888602614402771,33,min–max
ft_B,tablet_writing,10.0,Reconstruction_MASE,0.3717723375,0.3002981,0.4863539,33,min–max
ft_B,tablet_writing,10.0,Number_of_submovements_per_second,8.21417909860611,4.745215326547623,11.016656756401062,33,min–max
ft_B,tablet_writing,20.0,Reconstruction_R2,0.8556887984275818,0.7828069403767586,0.9362645924091338,40,p2.5–p97.5
ft_B,tablet_writing,20.0,Reconstruction_MASE,0.31562203099999997,0.2278063784,0.41166380762499993,40,p2.5–p97.5
ft_B,tablet_writing,20.0,Number_of_submovements_per_second,8.9114546669381,5.046853667590767,11.445204120129345,40,p2.5–p97.5
ft_B,tablet_writing,inf,Reconstruction_R2,0.8731517593065898,0.7745007574558258,0.9519992470741272,38,min–max
ft_B,tablet_writing,inf,Reconstruction_MASE,0.27937856666666666,0.2080316375,0.43785504,38,min–max
ft_B,tablet_writing,inf,Number_of_submovements_per_second,9.408439323306084,5.33333346247673,11.755101084709167,38,min–max
ft_B,whacamole,10.0,Reconstruction_R2,0.926104336977005,0.6227931082248688,0.9553885623812676,128,p2.5–p97.5
ft_B,whacamole,10.0,Reconstruction_MASE,0.311037125,0.24524203975,0.7186056077500002,128,p2.5–p97.5
ft_B,whacamole,10.0,Number_of_submovements_per_second,3.796454071998596,1.6394812278449535,4.810055024921894,128,p2.5–p97.5
ft_B,whacamole,20.0,Reconstruction_R2,0.9558290541172028,0.6614575773477555,0.9828313782811166,128,p2.5–p97.5
ft_B,whacamole,20.0,Reconstruction_MASE,0.2120395,0.1524426935,0.6256646725000002,128,p2.5–p97.5
ft_B,whacamole,20.0,Number_of_submovements_per_second,5.098935440182686,1.9210977125912905,6.580915689468384,128,p2.5–p97.5
ft_B,whacamole,inf,Reconstruction_R2,0.9593366980552673,0.6528764590620995,0.9850771427154542,128,p2.5–p97.5
ft_B,whacamole,inf,Reconstruction_MASE,0.19090485499999998,0.13646187875,0.622373875,128,p2.5–p97.5
ft_B,whacamole,inf,Number_of_submovements_per_second,5.7277630269527435,1.9163465313613415,7.17008563131094,128,p2.5–p97.5
ft_B2,Fitts,10.0,Reconstruction_R2,0.8611754679318631,0.8045885364214579,0.9509324471155802,10,min–max
ft_B2,Fitts,10.0,Reconstruction_MASE,0.30903837267045453,0.21561989466666667,0.386027889,10,min–max
ft_B2,Fitts,10.0,Number_of_submovements_per_second,1.4495175032643601,1.1828354821773246,2.3551044409925286,10,min–max
ft_B2,Fitts,20.0,Reconstruction_R2,0.8965293759673969,0.756785831281117,0.9676156507598029,10,min–max
ft_B2,Fitts,20.0,Reconstruction_MASE,0.2684231157287449,0.17259975555555554,0.4311136364285714,10,min–max
ft_B2,Fitts,20.0,Number_of_submovements_per_second,1.5985148877371103,1.1566533197305704,2.3683830723166466,10,min–max
ft_B2,Fitts,inf,Reconstruction_R2,0.8643938042223454,0.6823577533165613,0.927335246404012,10,min–max
ft_B2,Fitts,inf,Reconstruction_MASE,0.30080286666666667,0.22091848266666667,0.5083841625,10,min–max
ft_B2,Fitts,inf,Number_of_submovements_per_second,1.9463518049035753,1.4545024298131466,2.664495274424553,10,min–max
ft_B2,crank,10.0,Reconstruction_R2,0.8886415327296537,0.8862185222761971,0.9012830191188388,5,min–max
ft_B2,crank,10.0,Reconstruction_MASE,0.06840525075000001,0.06338556735294118,0.0846530795357143,5,min–max
ft_B2,crank,10.0,Number_of_submovements_per_second,4.69822034239769,4.488881504429238,4.857571449662958,5,min–max
ft_B2,crank,20.0,Reconstruction_R2,0.917730006078879,0.9108822460357959,0.9491546097255888,5,min–max
ft_B2,crank,20.0,Reconstruction_MASE,0.04909231334615384,0.04540432741666667,0.056421674181818184,5,min–max
ft_B2,crank,20.0,Number_of_submovements_per_second,5.13916214928031,5.048404959115115,5.216319784522057,5,min–max
ft_B2,crank,inf,Reconstruction_R2,0.9077052703270545,0.8916963577270508,0.9226425750689073,5,min–max
ft_B2,crank,inf,Reconstruction_MASE,0.058878804214285714,0.05576222931818182,0.06443026377777777,5,min–max
ft_B2,crank,inf,Number_of_submovements_per_second,5.3233886776225905,5.127519269784291,5.452260178327561,5,min–max
ft_B2,object_moving,10.0,Reconstruction_R2,0.9126690257163275,0.8661866545677185,0.9210514783859253,5,min–max
ft_B2,object_moving,10.0,Reconstruction_MASE,0.1697733068,0.155865795,0.18896071466666667,5,min–max
ft_B2,object_moving,10.0,Number_of_submovements_per_second,2.217466078698635,2.046664866308371,2.271917560803039,5,min–max
ft_B2,object_moving,20.0,Reconstruction_R2,0.9741594968018709,0.9635186672210694,0.9748036903994424,5,min–max
ft_B2,object_moving,20.0,Reconstruction_MASE,0.09246296108695652,0.0916937323,0.0993668525,5,min–max
ft_B2,object_moving,20.0,Number_of_submovements_per_second,3.1110223680734634,2.9021158162504435,3.163235673148717,5,min–max
ft_B2,object_moving,inf,Reconstruction_R2,0.9648488461971283,0.9358582313244159,0.9825336933135986,5,min–max
ft_B2,object_moving,inf,Reconstruction_MASE,0.10521831975,0.07437088976923077,0.11751960061538462,5,min–max
ft_B2,object_moving,inf,Number_of_submovements_per_second,3.686028548205892,3.6256375081009335,3.9845263427839828,5,min–max
ft_B2,pointing,10.0,Reconstruction_R2,0.9643234887839237,0.959994151478722,0.9686528260891254,2,min–max
ft_B2,pointing,10.0,Reconstruction_MASE,0.20579268375335774,0.20344062396825396,0.20814474353846155,2,min–max
ft_B2,pointing,10.0,Number_of_submovements_per_second,0.8830146977043414,0.8183812429862363,0.9476481524224465,2,min–max
ft_B2,pointing,20.0,Reconstruction_R2,0.9756253918596343,0.9728912641604741,0.9783595195587944,2,min–max
ft_B2,pointing,20.0,Reconstruction_MASE,0.1627260489240196,0.15402310701470587,0.17142899083333332,2,min–max
ft_B2,pointing,20.0,Number_of_submovements_per_second,1.6435565224930864,1.4382560659364305,1.8488569790497422,2,min–max
ft_B2,pointing,inf,Reconstruction_R2,0.9785555841828256,0.973528084470265,0.9835830838953863,2,min–max
ft_B2,pointing,inf,Reconstruction_MASE,0.1474879417829704,0.14243443881967213,0.15254144474626866,2,min–max
ft_B2,pointing,inf,Number_of_submovements_per_second,2.6215715769629133,2.3594627515482367,2.88368040237759,2,min–max
ft_B2,steering,10.0,Reconstruction_R2,0.9372761845588684,0.9295779625574748,0.9496342726051807,9,min–max
ft_B2,steering,10.0,Reconstruction_MASE,0.24682029083333334,0.2232821942857143,0.2664355216666667,9,min–max
ft_B2,steering,10.0,Number_of_submovements_per_second,3.0145533497516928,2.6832132786512375,3.591732069849968,9,min–max
ft_B2,steering,20.0,Reconstruction_R2,0.9670928478240967,0.9608619175851345,0.9785190038383007,9,min–max
ft_B2,steering,20.0,Reconstruction_MASE,0.15093787933333333,0.1282824225625,0.16373679666666666,9,min–max
ft_B2,steering,20.0,Number_of_submovements_per_second,4.09636814147234,3.7349397595971823,4.503790615126491,9,min–max
ft_B2,steering,inf,Reconstruction_R2,0.9718426068623861,0.9677886525789897,0.9820085728869719,9,min–max
ft_B2,steering,inf,Reconstruction_MASE,0.13839111666666667,0.11149075558823529,0.14301159333333333,9,min–max
ft_B2,steering,inf,Number_of_submovements_per_second,5.297261802479625,4.742150846868753,5.662043333053589,9,min–max
ft_B2,tablet_writing,10.0,Reconstruction_R2,0.8113199127347845,0.7247907519340515,0.9093494415283204,33,min–max
ft_B2,tablet_writing,10.0,Reconstruction_MASE,0.3728954975,0.28769395,0.45086359,33,min–max
ft_B2,tablet_writing,10.0,Number_of_submovements_per_second,8.385684370994568,4.109589010477066,11.830986142158508,33,min–max
ft_B2,tablet_writing,20.0,Reconstruction_R2,0.8586096912622452,0.7949723839759827,0.9463697075843811,40,p2.5–p97.5
ft_B2,tablet_writing,20.0,Reconstruction_MASE,0.314352347875,0.2240096711,0.4155524944375,40,p2.5–p97.5
ft_B2,tablet_writing,20.0,Number_of_submovements_per_second,9.011970162391663,4.870195317082107,12.015000186860561,40,p2.5–p97.5
ft_B2,tablet_writing,inf,Reconstruction_R2,0.8710862298806508,0.7765671908855438,0.958759069442749,38,min–max
ft_B2,tablet_writing,inf,Reconstruction_MASE,0.27890358,0.19453232,0.44262725,38,min–max
ft_B2,tablet_writing,inf,Number_of_submovements_per_second,9.413051158189774,6.312408149242401,11.362520903348923,38,min–max
ft_B2,whacamole,10.0,Reconstruction_R2,0.925694614648819,0.655423504114151,0.9559906274080276,128,p2.5–p97.5
ft_B2,whacamole,10.0,Reconstruction_MASE,0.315248415,0.245929522,0.6928442200000001,128,p2.5–p97.5
ft_B2,whacamole,10.0,Number_of_submovements_per_second,3.664606064558029,1.5555437095463276,4.682593714445829,128,p2.5–p97.5
ft_B2,whacamole,20.0,Reconstruction_R2,0.9554555416107178,0.6985342621803283,0.9824637919664383,128,p2.5–p97.5
ft_B2,whacamole,20.0,Reconstruction_MASE,0.21233172,0.156436584,0.6191547505000004,128,p2.5–p97.5
ft_B2,whacamole,20.0,Number_of_submovements_per_second,5.091140046715736,1.829446339979768,6.597571201622486,128,p2.5–p97.5
ft_B2,whacamole,inf,Reconstruction_R2,0.9588117301464081,0.6654437258839607,0.984664100408554,128,p2.5–p97.5
ft_B2,whacamole,inf,Reconstruction_MASE,0.19393669,0.13736777549999998,0.626531712,128,p2.5–p97.5
ft_B2,whacamole,inf,Number_of_submovements_per_second,5.693837106227875,1.9246504995971918,7.174437537789345,128,p2.5–p97.5
ft_released,Fitts,10.0,Reconstruction_R2,0.8659476341623249,0.8112520575523376,0.9474979837735494,10,min–max
ft_released,Fitts,10.0,Reconstruction_MASE,0.301766494625,0.224291924,0.359437141,10,min–max
ft_released,Fitts,10.0,Number_of_submovements_per_second,1.3114988810848445,1.0805043048458174,2.0242684334516525,10,min–max
ft_released,Fitts,20.0,Reconstruction_R2,0.897489007064688,0.7427715105669839,0.9591162337197198,10,min–max
ft_released,Fitts,20.0,Reconstruction_MASE,0.2601797466194332,0.18168323777777778,0.4286043678571429,10,min–max
ft_released,Fitts,20.0,Number_of_submovements_per_second,1.4814072714652866,1.14993772420444,2.233210550621152,10,min–max
ft_released,Fitts,inf,Reconstruction_R2,0.8669906587650378,0.7220865935087204,0.9278053442637125,10,min–max
ft_released,Fitts,inf,Reconstruction_MASE,0.28485275614583333,0.21620243333333333,0.46005171250000004,10,min–max
ft_released,Fitts,inf,Number_of_submovements_per_second,1.7261166764157159,0.9568289779126644,2.2638173550367355,10,min–max
ft_released,crank,10.0,Reconstruction_R2,0.8870305972439902,0.8673831905637469,0.9048788757885203,5,min–max
ft_released,crank,10.0,Reconstruction_MASE,0.0701804094642857,0.06032032541176471,0.08225932867857143,5,min–max
ft_released,crank,10.0,Number_of_submovements_per_second,5.262575360635917,4.998304042965174,5.36352242742266,5,min–max
ft_released,crank,20.0,Reconstruction_R2,0.9188667113582293,0.9120009472736945,0.9489623733929226,5,min–max
ft_released,crank,20.0,Reconstruction_MASE,0.04760260565384615,0.046043683952380954,0.05440565839393939,5,min–max
ft_released,crank,20.0,Number_of_submovements_per_second,5.645451843738556,5.528778777672694,5.701131355017424,5,min–max
ft_released,crank,inf,Reconstruction_R2,0.884431085803292,0.8644323555322794,0.9240256834913183,5,min–max
ft_released,crank,inf,Reconstruction_MASE,0.06456007366666666,0.06352891016000001,0.06765168634615384,5,min–max
ft_released,crank,inf,Number_of_submovements_per_second,5.8999869014535635,5.683633767896229,6.146751022338867,5,min–max
ft_released,object_moving,10.0,Reconstruction_R2,0.9374049762884776,0.9268992145856222,0.9501111948931659,5,min–max
ft_released,object_moving,10.0,Reconstruction_MASE,0.150218187,0.13597256948148148,0.15439603703333335,5,min–max
ft_released,object_moving,10.0,Number_of_submovements_per_second,2.249227815440723,2.130293262501558,2.4474103208631277,5,min–max
ft_released,object_moving,20.0,Reconstruction_R2,0.9725248857780739,0.969811390553202,0.9760501980781555,5,min–max
ft_released,object_moving,20.0,Reconstruction_MASE,0.09726927226666666,0.09191401456521739,0.09916417117857143,5,min–max
ft_released,object_moving,20.0,Number_of_submovements_per_second,3.2596428190236506,3.0633577592670918,3.748964974656701,5,min–max
ft_released,object_moving,inf,Reconstruction_R2,0.9750066780381732,0.951805421939263,0.9767733032886798,5,min–max
ft_released,object_moving,inf,Reconstruction_MASE,0.09347984294444445,0.0887475123076923,0.11002568353846155,5,min–max
ft_released,object_moving,inf,Number_of_submovements_per_second,4.053042559669568,3.8689663292219243,4.129303031815932,5,min–max
ft_released,pointing,10.0,Reconstruction_R2,0.9677136361016749,0.9642838201825581,0.9711434520207919,2,min–max
ft_released,pointing,10.0,Reconstruction_MASE,0.20224344835653235,0.20012535353846153,0.20436154317460317,2,min–max
ft_released,pointing,10.0,Number_of_submovements_per_second,0.8436952084507588,0.7869861288262265,0.9004042880752912,2,min–max
ft_released,pointing,20.0,Reconstruction_R2,0.9809764822908477,0.9805405280169319,0.9814124365647634,2,min–max
ft_released,pointing,20.0,Reconstruction_MASE,0.15598020014362746,0.14857823547058824,0.16338216481666665,2,min–max
ft_released,pointing,20.0,Number_of_submovements_per_second,1.5868459979811793,1.3185829618562233,1.8551090341061354,2,min–max
ft_released,pointing,inf,Reconstruction_R2,0.9839952976816815,0.9818599366430026,0.9861306587203604,2,min–max
ft_released,pointing,inf,Reconstruction_MASE,0.13528078527770981,0.13448260468656717,0.13607896586885246,2,min–max
ft_released,pointing,inf,Number_of_submovements_per_second,2.760822031932266,2.464217114359585,3.057426949504946,2,min–max
ft_released,steering,10.0,Reconstruction_R2,0.943424655840947,0.9364889025688171,0.9539979435503483,9,min–max
ft_released,steering,10.0,Reconstruction_MASE,0.2402419781818182,0.21412734571428574,0.2580475722222222,9,min–max
ft_released,steering,10.0,Number_of_submovements_per_second,2.8621126310183453,2.578357164748013,3.327156648039818,9,min–max
ft_released,steering,20.0,Reconstruction_R2,0.968136974175771,0.9613308273255825,0.9791453331708908,9,min–max
ft_released,steering,20.0,Reconstruction_MASE,0.1506715386666667,0.126603295,0.16070683916666667,9,min–max
ft_released,steering,20.0,Number_of_submovements_per_second,4.066686208049457,3.727795973420143,4.405995346605778,9,min–max
ft_released,steering,inf,Reconstruction_R2,0.9700589378674825,0.967064638932546,0.9810350642484778,9,min–max
ft_released,steering,inf,Reconstruction_MASE,0.14092355058823527,0.11533949947058823,0.144315308,9,min–max
ft_released,steering,inf,Number_of_submovements_per_second,5.598669350147247,4.9899971298873425,5.932644933462143,9,min–max
ft_released,tablet_writing,10.0,Reconstruction_R2,0.8064205270064505,0.730941891670227,0.8981969952583313,33,min–max
ft_released,tablet_writing,10.0,Reconstruction_MASE,0.38533556,0.29647467,0.55342454,33,min–max
ft_released,tablet_writing,10.0,Number_of_submovements_per_second,7.472973018884659,4.621359705924988,10.136986076831818,33,min–max
ft_released,tablet_writing,20.0,Reconstruction_R2,0.8549754709005356,0.7782948046922683,0.9580758728086949,40,p2.5–p97.5
ft_released,tablet_writing,20.0,Reconstruction_MASE,0.321090688,0.19966227,0.41359154075000004,40,p2.5–p97.5
ft_released,tablet_writing,20.0,Number_of_submovements_per_second,8.796792089939117,5.3747820518910885,11.332099892199038,40,p2.5–p97.5
ft_released,tablet_writing,inf,Reconstruction_R2,0.8590598404407501,0.7472818493843079,0.9521981477737428,38,min–max
ft_released,tablet_writing,inf,Reconstruction_MASE,0.2941208716666667,0.20562448,0.495064175,38,min–max
ft_released,tablet_writing,inf,Number_of_submovements_per_second,9.267906977662019,5.98201185464859,11.473353803157806,38,min–max
ft_released,whacamole,10.0,Reconstruction_R2,0.9283804297447205,0.6680346444249153,0.9593704327940941,128,p2.5–p97.5
ft_released,whacamole,10.0,Reconstruction_MASE,0.31166384999999996,0.24391304025,0.6519235405000001,128,p2.5–p97.5
ft_released,whacamole,10.0,Number_of_submovements_per_second,3.5452599450945854,1.4044916443526745,4.444654785096645,128,p2.5–p97.5
ft_released,whacamole,20.0,Reconstruction_R2,0.9576607644557953,0.706464660167694,0.9821480050683021,128,p2.5–p97.5
ft_released,whacamole,20.0,Reconstruction_MASE,0.21019353,0.15386934900000002,0.5555131050000002,128,p2.5–p97.5
ft_released,whacamole,20.0,Number_of_submovements_per_second,4.902027994394302,1.7011359734460711,6.586661607027054,128,p2.5–p97.5
ft_released,whacamole,inf,Reconstruction_R2,0.9611209332942963,0.6837134137749672,0.983076559007168,128,p2.5–p97.5
ft_released,whacamole,inf,Reconstruction_MASE,0.18725045,0.13491097824999998,0.559769827,128,p2.5–p97.5
ft_released,whacamole,inf,Number_of_submovements_per_second,5.634700432419777,1.8018977148458362,7.291367333382368,128,p2.5–p97.5
pre_released,Fitts,10.0,Reconstruction_R2,0.8832042518890265,0.8000181972980499,0.9544455726941427,10,min–max
pre_released,Fitts,10.0,Reconstruction_MASE,0.2880701576363637,0.21625497133333335,0.34146155363636366,10,min–max
pre_released,Fitts,10.0,Number_of_submovements_per_second,1.7169528491795063,1.4218996942508966,2.307555004954338,10,min–max
pre_released,Fitts,20.0,Reconstruction_R2,0.9018015172332525,0.7733660851206098,0.9681368867556254,10,min–max
pre_released,Fitts,20.0,Reconstruction_MASE,0.2613914978947368,0.17239308444444446,0.4033755057142857,10,min–max
pre_released,Fitts,20.0,Number_of_submovements_per_second,1.6842755593825132,1.3191032997871701,2.3994800842860164,10,min–max
pre_released,Fitts,inf,Reconstruction_R2,0.8717611630757649,0.7144775787989298,0.936734139919281,10,min–max
pre_released,Fitts,inf,Reconstruction_MASE,0.2879118266666667,0.208361836,0.4751099916666666,10,min–max
pre_released,Fitts,inf,Number_of_submovements_per_second,1.8975937960203737,1.2888764180243015,2.6127636805176735,10,min–max
pre_released,crank,10.0,Reconstruction_R2,0.5764240666672036,0.5366955644944135,0.6392239672797067,5,min–max
pre_released,crank,10.0,Reconstruction_MASE,0.14060328411764705,0.134377046,0.15540855732142858,5,min–max
pre_released,crank,10.0,Number_of_submovements_per_second,3.351545991266475,3.2176709893558706,3.423089782396952,5,min–max
pre_released,crank,20.0,Reconstruction_R2,0.6670981439260336,0.558536929388841,0.7079876372308442,5,min–max
pre_released,crank,20.0,Reconstruction_MASE,0.12233206346153845,0.11534499516666667,0.127641116625,5,min–max
pre_released,crank,20.0,Number_of_submovements_per_second,3.963106721639633,3.9350500144064426,4.146209433674812,5,min–max
pre_released,crank,inf,Reconstruction_R2,0.6694040775299073,0.5735166508417863,0.738655545093395,5,min–max
pre_released,crank,inf,Reconstruction_MASE,0.12125110651851852,0.11499710564000001,0.12566480715384615,5,min–max
pre_released,crank,inf,Number_of_submovements_per_second,4.991014897823334,4.593743332303488,5.765462493896484,5,min–max
pre_released,object_moving,10.0,Reconstruction_R2,0.919191430012385,0.9103858158701942,0.923084756731987,5,min–max
pre_released,object_moving,10.0,Reconstruction_MASE,0.16570848983333333,0.16259915428571428,0.17778740346666666,5,min–max
pre_released,object_moving,10.0,Number_of_submovements_per_second,2.37833329786857,2.3000709446413174,2.6389643540605903,5,min–max
pre_released,object_moving,20.0,Reconstruction_R2,0.942711885770162,0.9139115005731583,0.9578736786331449,5,min–max
pre_released,object_moving,20.0,Reconstruction_MASE,0.1237412407037037,0.11910960753571428,0.1639387916,5,min–max
pre_released,object_moving,20.0,Number_of_submovements_per_second,3.279323846101761,3.061449609696865,3.455968720040151,5,min–max
pre_released,object_moving,inf,Reconstruction_R2,0.9583095886089184,0.9486443492082449,0.9714412345336034,5,min–max
pre_released,object_moving,inf,Reconstruction_MASE,0.11540117438461538,0.10118983480769231,0.12296356634615384,5,min–max
pre_released,object_moving,inf,Number_of_submovements_per_second,4.971954143709606,4.5991975011733865,5.335697064606043,5,min–max
pre_released,pointing,10.0,Reconstruction_R2,0.9714558191934057,0.968964537930867,0.9739471004559443,2,min–max
pre_released,pointing,10.0,Reconstruction_MASE,0.19732942231868134,0.19569797692307692,0.19896086771428573,2,min–max
pre_released,pointing,10.0,Number_of_submovements_per_second,1.2196552555039253,1.0620183732715391,1.3772921377363114,2,min–max
pre_released,pointing,20.0,Reconstruction_R2,0.9763444431272208,0.9760923867716509,0.9765964994827906,2,min–max
pre_released,pointing,20.0,Reconstruction_MASE,0.1706501697387255,0.16531863829411764,0.17598170118333334,2,min–max
pre_released,pointing,20.0,Number_of_submovements_per_second,1.962665810564752,1.8025176168200285,2.1228140043094754,2,min–max
pre_released,pointing,inf,Reconstruction_R2,0.9750103813265425,0.9695562729194983,0.9804644897335866,2,min–max
pre_released,pointing,inf,Reconstruction_MASE,0.16207651532823586,0.1602339931639344,0.1639190374925373,2,min–max
pre_released,pointing,inf,Number_of_submovements_per_second,3.928300250063673,3.642309960255872,4.214290539871474,2,min–max
pre_released,steering,10.0,Reconstruction_R2,0.9408331567590887,0.9315200010935466,0.9548832699656487,9,min–max
pre_released,steering,10.0,Reconstruction_MASE,0.24029739363636365,0.2137737057142857,0.25988611222222224,9,min–max
pre_released,steering,10.0,Number_of_submovements_per_second,3.5103455185890198,3.1528694182634354,4.0765558779239655,9,min–max
pre_released,steering,20.0,Reconstruction_R2,0.9606927474339803,0.9526284337043762,0.9722369238734245,9,min–max
pre_released,steering,20.0,Reconstruction_MASE,0.17334242833333333,0.14833041249999998,0.183587936875,9,min–max
pre_released,steering,20.0,Number_of_submovements_per_second,4.298205027977626,3.858709093183279,4.682689290493727,9,min–max
pre_released,steering,inf,Reconstruction_R2,0.9630757437811958,0.9570473392804464,0.9746702734161826,9,min–max
pre_released,steering,inf,Reconstruction_MASE,0.163758969375,0.1378319605882353,0.1758449782352941,9,min–max
pre_released,steering,inf,Number_of_submovements_per_second,5.937609821557999,5.24363586679101,6.125830799341202,9,min–max
pre_released,tablet_writing,10.0,Reconstruction_R2,0.7973880767822266,0.7013032833735148,0.901969313621521,33,min–max
pre_released,tablet_writing,10.0,Reconstruction_MASE,0.38895636666666666,0.2984254766666667,0.55645597,33,min–max
pre_released,tablet_writing,10.0,Number_of_submovements_per_second,7.777688831090927,4.838353246450424,9.589040279388428,33,min–max
pre_released,tablet_writing,20.0,Reconstruction_R2,0.8232764601707458,0.7488573357462883,0.9555648624897003,40,p2.5–p97.5
pre_released,tablet_writing,20.0,Reconstruction_MASE,0.3533669966666667,0.2031747835,0.45574622324999997,40,p2.5–p97.5
pre_released,tablet_writing,20.0,Number_of_submovements_per_second,8.054795573864665,5.056039363145828,9.76000030338764,40,p2.5–p97.5
pre_released,tablet_writing,inf,Reconstruction_R2,0.8473391234874725,0.6951899230480194,0.9417711496353148,38,min–max
pre_released,tablet_writing,inf,Reconstruction_MASE,0.32269146471428567,0.21260703,0.51821003,38,min–max
pre_released,tablet_writing,inf,Number_of_submovements_per_second,8.768787663429976,5.185185223817825,10.07299304008484,38,min–max
pre_released,whacamole,10.0,Reconstruction_R2,0.9148249626159668,0.6421893388032913,0.9469514176249504,128,p2.5–p97.5
pre_released,whacamole,10.0,Reconstruction_MASE,0.33722033500000004,0.27039220625,0.68550031,128,p2.5–p97.5
pre_released,whacamole,10.0,Number_of_submovements_per_second,3.8268665224313736,1.6019215313717723,4.7391006499528885,128,p2.5–p97.5
pre_released,whacamole,20.0,Reconstruction_R2,0.9394252300262452,0.6679517596960067,0.9742402315139772,128,p2.5–p97.5
pre_released,whacamole,20.0,Reconstruction_MASE,0.256122725,0.18417536799999998,0.6099136852500002,128,p2.5–p97.5
pre_released,whacamole,20.0,Number_of_submovements_per_second,4.39217671751976,1.6814749678596854,5.835507631301881,128,p2.5–p97.5
pre_released,whacamole,inf,Reconstruction_R2,0.9439021348953247,0.6722507834434509,0.9739453583955764,128,p2.5–p97.5
pre_released,whacamole,inf,Reconstruction_MASE,0.234360345,0.17390140725,0.58968830025,128,p2.5–p97.5
pre_released,whacamole,inf,Number_of_submovements_per_second,4.982152059674263,1.6485447697341442,6.382961992174388,128,p2.5–p97.5
pre_rerun,Fitts,10.0,Reconstruction_R2,0.8871297045187516,0.7890200257301331,0.9530208706855774,10,min–max
pre_rerun,Fitts,10.0,Reconstruction_MASE,0.28761911469696966,0.21826857066666666,0.38539116727272726,10,min–max
pre_rerun,Fitts,10.0,Number_of_submovements_per_second,1.69150207657367,1.452603618381545,2.50467989932407,10,min–max
pre_rerun,Fitts,20.0,Reconstruction_R2,0.9020201262946312,0.7941535413265228,0.970768517918057,10,min–max
pre_rerun,Fitts,20.0,Reconstruction_MASE,0.26641002736842107,0.16635867000000001,0.4284285392857143,10,min–max
pre_rerun,Fitts,20.0,Number_of_submovements_per_second,1.7207835603039712,1.3661008161541663,2.6758468282573364,10,min–max
pre_rerun,Fitts,inf,Reconstruction_R2,0.8626094454278548,0.7110898147026697,0.9276495933532715,10,min–max
pre_rerun,Fitts,inf,Reconstruction_MASE,0.3236993669791667,0.2213833246666667,0.5114956683333333,10,min–max
pre_rerun,Fitts,inf,Number_of_submovements_per_second,2.104844806848892,1.3476424366235733,2.8183067739009857,10,min–max
pre_rerun,crank,10.0,Reconstruction_R2,0.5589778914171106,0.5021214272294726,0.5915144724505288,5,min–max
pre_rerun,crank,10.0,Reconstruction_MASE,0.1466550645,0.1356391311764706,0.1601568005,5,min–max
pre_rerun,crank,10.0,Number_of_submovements_per_second,3.5212812439671586,3.451599079896422,3.663128813994782,5,min–max
pre_rerun,crank,20.0,Reconstruction_R2,0.6281852034422067,0.5906596581141154,0.6737879088946751,5,min–max
pre_rerun,crank,20.0,Reconstruction_MASE,0.126319597,0.1206234625,0.12810706666666669,5,min–max
pre_rerun,crank,20.0,Number_of_submovements_per_second,4.162092357873917,4.066500477492809,4.371425537392497,5,min–max
pre_rerun,crank,inf,Reconstruction_R2,0.3555157861926339,-0.7670137194486765,0.6779870589574178,5,min–max
pre_rerun,crank,inf,Reconstruction_MASE,0.1452031075,0.1311212212,0.22317103653846154,5,min–max
pre_rerun,crank,inf,Number_of_submovements_per_second,4.321979700841687,3.862945130811288,5.068956273794174,5,min–max
pre_rerun,object_moving,10.0,Reconstruction_R2,0.9200377662976583,0.8956084271272023,0.9435551822185516,5,min–max
pre_rerun,object_moving,10.0,Reconstruction_MASE,0.16056276666666666,0.1499832968,0.187243481,5,min–max
pre_rerun,object_moving,10.0,Number_of_submovements_per_second,2.5394867041281293,2.2524470780044794,2.6955968253314495,5,min–max
pre_rerun,object_moving,20.0,Reconstruction_R2,0.9563067399937174,0.9465967203889575,0.9626725355784098,5,min–max
pre_rerun,object_moving,20.0,Reconstruction_MASE,0.11933565152173914,0.1131820479,0.12907284074074074,5,min–max
pre_rerun,object_moving,20.0,Number_of_submovements_per_second,3.13993069032828,2.9850637055933475,3.4678720044238225,5,min–max
pre_rerun,object_moving,inf,Reconstruction_R2,0.9367991823416489,0.9356689338500683,0.9695521548942283,5,min–max
pre_rerun,object_moving,inf,Reconstruction_MASE,0.12795958061538462,0.10780969537037037,0.14116399073076924,5,min–max
pre_rerun,object_moving,inf,Number_of_submovements_per_second,4.5690009494622545,4.289821798984821,5.540897995233536,5,min–max
pre_rerun,pointing,10.0,Reconstruction_R2,0.9741113368844811,0.9715353818166823,0.9766872919522799,2,min–max
pre_rerun,pointing,10.0,Reconstruction_MASE,0.1905069368876679,0.18815326107692307,0.1928606126984127,2,min–max
pre_rerun,pointing,10.0,Number_of_submovements_per_second,1.3421451867807097,1.1876653369870924,1.496625036574327,2,min–max
pre_rerun,pointing,20.0,Reconstruction_R2,0.9763924267654326,0.9757677737404319,0.9770170797904333,2,min–max
pre_rerun,pointing,20.0,Reconstruction_MASE,0.16998425556519609,0.16385288639705883,0.17611562473333334,2,min–max
pre_rerun,pointing,20.0,Number_of_submovements_per_second,2.003249178229667,1.9925696720533512,2.0139286844059825,2,min–max
pre_rerun,pointing,inf,Reconstruction_R2,0.9697587451507212,0.9577133744510252,0.9818041158504174,2,min–max
pre_rerun,pointing,inf,Reconstruction_MASE,0.16858901058074383,0.1556839408032787,0.18149408035820894,2,min–max
pre_rerun,pointing,inf,Number_of_submovements_per_second,3.5722820489873124,3.4377519319306558,3.7068121660439695,2,min–max
pre_rerun,steering,10.0,Reconstruction_R2,0.9473134875297546,0.9385358413060506,0.9593679271638393,9,min–max
pre_rerun,steering,10.0,Reconstruction_MASE,0.23242671083333333,0.2087360042857143,0.25277797444444444,9,min–max
pre_rerun,steering,10.0,Number_of_submovements_per_second,3.469827603548765,3.0900595989078283,3.9787922352552414,9,min–max
pre_rerun,steering,20.0,Reconstruction_R2,0.9639834483464559,0.9579138159751892,0.9755696691572666,9,min–max
pre_rerun,steering,20.0,Reconstruction_MASE,0.16460062,0.141133529375,0.17546365083333335,9,min–max
pre_rerun,steering,20.0,Number_of_submovements_per_second,4.138324496646722,3.755390918813646,4.4983213394880295,9,min–max
pre_rerun,steering,inf,Reconstruction_R2,0.9663824107911851,0.9619513233502706,0.9769130314097685,9,min–max
pre_rerun,steering,inf,Reconstruction_MASE,0.1563093411111111,0.13084442823529413,0.16336343066666667,9,min–max
pre_rerun,steering,inf,Number_of_submovements_per_second,5.611641062423587,5.010039824992418,5.772403419017792,9,min–max
pre_rerun,tablet_writing,10.0,Reconstruction_R2,0.7966490685939789,0.6727162599563599,0.9056186676025392,33,min–max
pre_rerun,tablet_writing,10.0,Reconstruction_MASE,0.388636955,0.27923808,0.50079306,33,min–max
pre_rerun,tablet_writing,10.0,Number_of_submovements_per_second,7.803924381732941,5.3043171763420105,10.136986076831818,33,min–max
pre_rerun,tablet_writing,20.0,Reconstruction_R2,0.8286916514237721,0.7533956184983254,0.9407444268465042,40,p2.5–p97.5
pre_rerun,tablet_writing,20.0,Reconstruction_MASE,0.353540244,0.213345912375,0.4589894628125,40,p2.5–p97.5
pre_rerun,tablet_writing,20.0,Number_of_submovements_per_second,8.288873327629908,4.6061618202365935,10.593673411756752,40,p2.5–p97.5
pre_rerun,tablet_writing,inf,Reconstruction_R2,0.8493386407693226,0.7377963960170746,0.9415096640586852,38,min–max
pre_rerun,tablet_writing,inf,Reconstruction_MASE,0.3085894080952381,0.22972841,0.48656678,38,min–max
pre_rerun,tablet_writing,inf,Number_of_submovements_per_second,8.546439334750175,5.185185223817825,11.538461744785309,38,min–max
pre_rerun,whacamole,10.0,Reconstruction_R2,0.9134767651557922,0.6276525810360909,0.9466209456324578,128,p2.5–p97.5
pre_rerun,whacamole,10.0,Reconstruction_MASE,0.340354985,0.26889321600000005,0.7180634050000001,128,p2.5–p97.5
pre_rerun,whacamole,10.0,Number_of_submovements_per_second,3.977048769593239,1.7557591376826167,4.994447965174913,128,p2.5–p97.5
pre_rerun,whacamole,20.0,Reconstruction_R2,0.9373514950275421,0.6357333362102509,0.9747955232858659,128,p2.5–p97.5
pre_rerun,whacamole,20.0,Reconstruction_MASE,0.25694273,0.18521841225,0.6222304587500002,128,p2.5–p97.5
pre_rerun,whacamole,20.0,Number_of_submovements_per_second,4.425287246704102,1.7761828545480967,5.956905372440816,128,p2.5–p97.5
pre_rerun,whacamole,inf,Reconstruction_R2,0.9394457638263702,0.6369224637746811,0.9744125917553902,128,p2.5–p97.5
pre_rerun,whacamole,inf,Reconstruction_MASE,0.23648302999999998,0.171759334,0.6297657425000001,128,p2.5–p97.5
pre_rerun,whacamole,inf,Number_of_submovements_per_second,5.1186396181583405,1.7046909062191844,6.403119754046202,128,p2.5–p97.5
pre_rerun_s1000,Fitts,10.0,Reconstruction_R2,0.8651641016318039,0.7869111200173696,0.9496426900227865,10,min–max
pre_rerun_s1000,Fitts,10.0,Reconstruction_MASE,0.2955627015625,0.21887817866666665,0.35009281416666665,10,min–max
pre_rerun_s1000,Fitts,10.0,Number_of_submovements_per_second,1.8895963884424418,1.361952822189778,2.2880444638431072,10,min–max
pre_rerun_s1000,Fitts,20.0,Reconstruction_R2,0.8877420673767726,0.7754924723080227,0.9699115223354764,10,min–max
pre_rerun_s1000,Fitts,20.0,Reconstruction_MASE,0.27366130097039476,0.1675396511111111,0.41612215928571433,10,min–max
pre_rerun_s1000,Fitts,20.0,Number_of_submovements_per_second,1.8198668584227562,1.265878517572817,2.5573857260100983,10,min–max
pre_rerun_s1000,Fitts,inf,Reconstruction_R2,0.869778310880065,0.7274575730164846,0.9280613660812378,10,min–max
pre_rerun_s1000,Fitts,inf,Reconstruction_MASE,0.28886272802083335,0.21649248,0.4645630733333333,10,min–max
pre_rerun_s1000,Fitts,inf,Number_of_submovements_per_second,2.021940676495433,1.2534318305552006,2.623439945280552,10,min–max
pre_rerun_s1000,crank,10.0,Reconstruction_R2,0.45477148039000376,0.3990626896128935,0.6000980053629194,5,min–max
pre_rerun_s1000,crank,10.0,Reconstruction_MASE,0.15839885696428574,0.1511136862142857,0.16171130470588235,5,min–max
pre_rerun_s1000,crank,10.0,Number_of_submovements_per_second,3.4919868497287525,3.392746387315648,3.5243957516338145,5,min–max
pre_rerun_s1000,crank,20.0,Reconstruction_R2,0.634726324906716,0.5527270262440046,0.6978090423526186,5,min–max
pre_rerun_s1000,crank,20.0,Reconstruction_MASE,0.12598323503846154,0.11969461863636364,0.13234523833333334,5,min–max
pre_rerun_s1000,crank,20.0,Number_of_submovements_per_second,3.9913252311257215,3.843354731798172,4.061513372829983,5,min–max
pre_rerun_s1000,crank,inf,Reconstruction_R2,0.6340585780143738,0.32475732840024507,0.738359409349936,5,min–max
pre_rerun_s1000,crank,inf,Reconstruction_MASE,0.12766950532142857,0.12131794656,0.149741086,5,min–max
pre_rerun_s1000,crank,inf,Number_of_submovements_per_second,4.460934855871731,4.230498909377134,4.9283174067735676,5,min–max
pre_rerun_s1000,object_moving,10.0,Reconstruction_R2,0.9276369869709015,0.9227689305941263,0.9303272604942322,5,min–max
pre_rerun_s1000,object_moving,10.0,Reconstruction_MASE,0.1653319017,0.1543702237777778,0.16831113386666666,5,min–max
pre_rerun_s1000,object_moving,10.0,Number_of_submovements_per_second,2.814119402319193,2.6927428733971386,2.929741585627198,5,min–max
pre_rerun_s1000,object_moving,20.0,Reconstruction_R2,0.9453927499276621,0.9378788530826568,0.960045892259349,5,min–max
pre_rerun_s1000,object_moving,20.0,Reconstruction_MASE,0.13473820278571427,0.1203977174347826,0.14392892595,5,min–max
pre_rerun_s1000,object_moving,20.0,Number_of_submovements_per_second,3.3633660856220455,3.245100885629654,3.7891088146716356,5,min–max
pre_rerun_s1000,object_moving,inf,Reconstruction_R2,0.9589837822649214,0.9456993547769693,0.965270248743204,5,min–max
pre_rerun_s1000,object_moving,inf,Reconstruction_MASE,0.11608471196153847,0.10339473069230769,0.12994578726923078,5,min–max
pre_rerun_s1000,object_moving,inf,Number_of_submovements_per_second,4.498616442657434,4.448412938250436,5.016571850730823,5,min–max
pre_rerun_s1000,pointing,10.0,Reconstruction_R2,0.9704838036690293,0.9644305952011593,0.9765370121368995,2,min–max
pre_rerun_s1000,pointing,10.0,Reconstruction_MASE,0.19334779005885228,0.19012517329230771,0.1965704068253968,2,min–max
pre_rerun_s1000,pointing,10.0,Number_of_submovements_per_second,1.449784526666251,1.2597349095380022,1.6398341437944999,2,min–max
pre_rerun_s1000,pointing,20.0,Reconstruction_R2,0.9769254326820374,0.9762599021196365,0.9775909632444382,2,min–max
pre_rerun_s1000,pointing,20.0,Reconstruction_MASE,0.1668222025892157,0.16075623391176472,0.17288817126666667,2,min–max
pre_rerun_s1000,pointing,20.0,Number_of_submovements_per_second,2.129736593198579,2.0001512024935115,2.2593219839036465,2,min–max
pre_rerun_s1000,pointing,inf,Reconstruction_R2,0.9737188663376495,0.9717530136677757,0.9756847190075233,2,min–max
pre_rerun_s1000,pointing,inf,Reconstruction_MASE,0.15788279137594813,0.1528931722295082,0.16287241052238807,2,min–max
pre_rerun_s1000,pointing,inf,Number_of_submovements_per_second,3.5689070546675534,3.460806439171976,3.6770076701631313,2,min–max
pre_rerun_s1000,steering,10.0,Reconstruction_R2,0.9450175007184346,0.9360512256622314,0.9582129567861557,9,min–max
pre_rerun_s1000,steering,10.0,Reconstruction_MASE,0.23350713666666667,0.208303113125,0.2518369933333333,9,min–max
pre_rerun_s1000,steering,10.0,Number_of_submovements_per_second,3.405266460031271,3.0872228974476457,3.8773183375597,9,min–max
pre_rerun_s1000,steering,20.0,Reconstruction_R2,0.9636409282684326,0.9543760418891907,0.9748042188584805,9,min–max
pre_rerun_s1000,steering,20.0,Reconstruction_MASE,0.16424923933333335,0.1408585425,0.17791337875,9,min–max
pre_rerun_s1000,steering,20.0,Number_of_submovements_per_second,4.147316416104634,3.7672998011112213,4.530916186049581,9,min–max
pre_rerun_s1000,steering,inf,Reconstruction_R2,0.9646335045496622,0.9597258965174357,0.9773240759968758,9,min–max
pre_rerun_s1000,steering,inf,Reconstruction_MASE,0.1560144,0.1281142675,0.164040476,9,min–max
pre_rerun_s1000,steering,inf,Number_of_submovements_per_second,5.577160818502307,4.962299186736345,5.818659871816635,9,min–max
pre_rerun_s1000,tablet_writing,10.0,Reconstruction_R2,0.7912812034289042,0.6887773275375366,0.923477292060852,33,min–max
pre_rerun_s1000,tablet_writing,10.0,Reconstruction_MASE,0.3940370825,0.2407055,0.5283467,33,min–max
pre_rerun_s1000,tablet_writing,10.0,Number_of_submovements_per_second,8.329436480998993,4.109589010477066,10.125000178813934,33,min–max
pre_rerun_s1000,tablet_writing,20.0,Reconstruction_R2,0.8263907869656881,0.7409895658493042,0.9564243398606778,40,p2.5–p97.5
pre_rerun_s1000,tablet_writing,20.0,Reconstruction_MASE,0.345309509,0.196662474625,0.4504420965,40,p2.5–p97.5
pre_rerun_s1000,tablet_writing,20.0,Number_of_submovements_per_second,8.459874719381332,4.656370455399156,10.204776719212532,40,p2.5–p97.5
pre_rerun_s1000,tablet_writing,inf,Reconstruction_R2,0.8152844309806824,0.6950931549072266,0.9560527801513672,38,min–max
pre_rerun_s1000,tablet_writing,inf,Reconstruction_MASE,0.34594451,0.19478516,0.54331025,38,min–max
pre_rerun_s1000,tablet_writing,inf,Number_of_submovements_per_second,9.147150963544846,5.4320986568927765,11.104477643966677,38,min–max
pre_rerun_s1000,whacamole,10.0,Reconstruction_R2,0.9130852520465851,0.671131718158722,0.9459938645362854,128,p2.5–p97.5
pre_rerun_s1000,whacamole,10.0,Reconstruction_MASE,0.33136867999999997,0.26085978600000004,0.6694126045000001,128,p2.5–p97.5
pre_rerun_s1000,whacamole,10.0,Number_of_submovements_per_second,3.677104152739048,1.567079278640449,4.639967557042837,128,p2.5–p97.5
pre_rerun_s1000,whacamole,20.0,Reconstruction_R2,0.9389806091785431,0.6855868190526963,0.9732762783765793,128,p2.5–p97.5
pre_rerun_s1000,whacamole,20.0,Reconstruction_MASE,0.2513612,0.1802462795,0.5810414405000003,128,p2.5–p97.5
pre_rerun_s1000,whacamole,20.0,Number_of_submovements_per_second,4.134279862046242,1.6383101921528578,5.75613670796156,128,p2.5–p97.5
pre_rerun_s1000,whacamole,inf,Reconstruction_R2,0.9421377778053284,0.6761847376823426,0.974955300986767,128,p2.5–p97.5
pre_rerun_s1000,whacamole,inf,Reconstruction_MASE,0.229421855,0.165906186,0.59680565275,128,p2.5–p97.5
pre_rerun_s1000,whacamole,inf,Number_of_submovements_per_second,4.716216400265694,1.6220675026997924,6.201939046382905,128,p2.5–p97.5
