checkpoint,snr,metric,n_datasets,est_balanced,lo,hi,est_trial_pooled,across_datasets_min,across_datasets_max,across_datasets_sd
pre_released,10.0,Number_of_submovements_per_second,7,3.360169653974112,3.335957379979566,3.383917378596103,3.769817101181606,1.2705437781488302,7.471646093972904,2.0331689543493483
pre_released,10.0,Reconstruction_MASE,7,0.2554267145590924,0.25331736400189786,0.257726607116554,0.2967207681349939,0.144152406628,0.39067214546435153,0.0948403063122135
pre_released,10.0,Reconstruction_R2,7,0.8491290110384664,0.84641916633619,0.8517962444462391,0.8352290697660482,0.5527717481255532,0.9679401786575206,0.1420498867348147
pre_released,20.0,Number_of_submovements_per_second,7,3.950442282062334,3.920250212032527,3.979910718685878,4.169745059703694,1.7988963959982611,8.166543307045993,2.135833085573163
pre_released,20.0,Reconstruction_MASE,7,0.2104777837182953,0.20842914065461585,0.21259285559840654,0.260443945324214,0.12191733126999998,0.34098774355958955,0.08514469553402548
pre_released,20.0,Reconstruction_R2,7,0.880429522271935,0.8777853738175291,0.8829141895643043,0.8627288484437069,0.6426029860973358,0.9767768243395916,0.1162384180548994
pre_released,inf,Number_of_submovements_per_second,7,4.971670982819943,4.936203776192754,5.006388102675785,4.694164116074749,1.938862110177103,8.499552155238442,1.9809828107882976
pre_released,inf,Reconstruction_MASE,7,0.2023168509024432,0.20029810861355066,0.2044858358981926,0.2558065355738669,0.11805041275375,0.3315941193554328,0.08296049674176802
pre_released,inf,Reconstruction_R2,7,0.8833137521929667,0.8806348412847692,0.8859989793489839,0.8647269594907858,0.6493878804445267,0.975715016899835,0.11419543170095167
pre_rerun,10.0,Number_of_submovements_per_second,7,3.457652165828461,3.433041315174343,3.482945125334369,3.8598600330349195,1.349573783674666,7.598824132169173,2.05847277052423
pre_rerun,10.0,Reconstruction_MASE,7,0.2552146149394323,0.25296824169825916,0.2575875203437855,0.29784285879134337,0.15171497551699997,0.38288245342015254,0.09406438894305214
pre_rerun,10.0,Reconstruction_R2,7,0.8440681463584493,0.8410068879363871,0.8470854967235988,0.8339903274960984,0.5045991768240928,0.9700402202927351,0.15958290008442996
pre_rerun,20.0,Number_of_submovements_per_second,7,3.992394895014542,3.9619794239053614,4.022820518057449,4.23752080957246,1.8895485781603991,8.199447069446473,2.1164361944450625
pre_rerun,20.0,Reconstruction_MASE,7,0.20937607688416401,0.20721595981804294,0.21164209871079356,0.2611407137769702,0.12032753813625,0.33057339991186535,0.08456753029570516
pre_rerun,20.0,Reconstruction_R2,7,0.8756699482691646,0.8728332985999184,0.8784135529786015,0.8610669520496105,0.6021254534721374,0.9770664056083992,0.13031768020710907
pre_rerun,inf,Number_of_submovements_per_second,7,4.832956592517247,4.798461430687254,4.867467408705839,4.717458752760867,2.1116485546662633,8.594289684716697,1.9768692006376618
pre_rerun,inf,Reconstruction_MASE,7,0.20794749867074905,0.20573555442662944,0.21028133274099303,0.2608115593674153,0.12221088994125001,0.3227743944156801,0.07814867824993171
pre_rerun,inf,Reconstruction_R2,7,0.8268956627034034,0.8177043220991651,0.8355047034686148,0.8321822963816237,0.2599320073723793,0.974808697208304,0.2546375125679444
pre_rerun_s1000,10.0,Number_of_submovements_per_second,7,3.4766095030940596,3.452988732037177,3.499879520164319,3.93274603991759,1.488593506352706,7.82990348365837,2.0890214669203635
pre_rerun_s1000,10.0,Reconstruction_MASE,7,0.25674383771803844,0.2546082122631959,0.2589914572588663,0.299437535917354,0.158561593818,0.3889052183846356,0.08950027257803748
pre_rerun_s1000,10.0,Reconstruction_R2,7,0.8320244066216277,0.8287169558865027,0.8353646808791003,0.8220943035228537,0.4544827883839607,0.9715055145246916,0.1758462371714626
pre_rerun_s1000,20.0,Number_of_submovements_per_second,7,3.9835822561332503,3.9546877234574813,4.011647087797618,4.284617077525767,1.8232062892795873,8.474636924421471,2.1940003884280896
pre_rerun_s1000,20.0,Reconstruction_MASE,7,0.21105567567006064,0.20901180507035924,0.21329183756538755,0.26568316726157615,0.12315107595875001,0.3412148287671666,0.08554933769097173
pre_rerun_s1000,20.0,Reconstruction_R2,7,0.8740210125236566,0.8712721989317629,0.8766359124762952,0.8526381295766087,0.618052673459053,0.9746583321433117,0.12441848965171633
pre_rerun_s1000,inf,Number_of_submovements_per_second,7,4.776831440718004,4.744607315749727,4.8091476662543995,4.708994278978601,1.9848187217743194,8.78651529209484,2.0781215785178166
pre_rerun_s1000,inf,Reconstruction_MASE,7,0.2031357290735151,0.2010874446943055,0.20534970096271546,0.260314730197795,0.12051640388875001,0.3338985987558537,0.0835567554268489
pre_rerun_s1000,inf,Reconstruction_R2,7,0.8730322383724222,0.8699924519949903,0.8760251022304874,0.853822007667001,0.5932671366333961,0.9745708522475481,0.13365169214673664
ft_released,10.0,Number_of_submovements_per_second,7,3.2920466786161184,3.2692404978907303,3.314095300946357,3.571912069393116,0.8553438430916556,7.055767299019347,2.195273785555793
ft_released,10.0,Reconstruction_MASE,7,0.23979034249127956,0.23767274081395204,0.24204199661424616,0.28846194469081254,0.07157216250899999,0.37734641913706923,0.10447952400958954
ft_released,10.0,Reconstruction_R2,7,0.9003717126086722,0.8983575604568875,0.9022913558800796,0.8652247954943366,0.8085301097083549,0.9683303635780145,0.0519270936342597
ft_released,20.0,Number_of_submovements_per_second,7,4.211259558061029,4.180637220973257,4.2414829946209665,4.338354606141453,1.5937448655136508,8.568208221163845,2.4362025592606007
ft_released,20.0,Reconstruction_MASE,7,0.18036188160763417,0.17839647844479709,0.18244108048228821,0.24190265560261334,0.052183519667,0.3100022965972113,0.09442733028209935
ft_released,20.0,Reconstruction_R2,7,0.9311022190089032,0.9293216734418933,0.9327875603480807,0.8941058195284699,0.8561899472587644,0.9809063233184256,0.0476874009391122
ft_released,inf,Number_of_submovements_per_second,7,4.904831098068344,4.869351604292798,4.939990240626085,4.762900640025869,1.815615418894608,9.067922234755736,2.373802388399543
ft_released,inf,Reconstruction_MASE,7,0.17328274734574983,0.17136370547806462,0.17541196716936372,0.23596485513940385,0.06614329407,0.29716338583767427,0.08718495931836291
ft_released,inf,Reconstruction_R2,7,0.9275327277758348,0.9257119359992254,0.9292384728642583,0.8935830574076533,0.8638302107855885,0.9827660008021365,0.04900055566367656
ft_A,10.0,Number_of_submovements_per_second,7,3.465977194947006,3.4419340044889633,3.4899137757372567,3.707049768856925,0.9051908499330806,7.13925335499669,2.26808744141505
ft_A,10.0,Reconstruction_MASE,7,0.24307946807054195,0.24094642147674616,0.24527264139837138,0.2901554983571254,0.08937530936299999,0.377701405801105,0.09979109703458439
ft_A,10.0,Reconstruction_R2,7,0.8911584109458899,0.8891321646706726,0.893118713979319,0.8598715262492854,0.8087332065373275,0.9683916648170784,0.05832981990113202
ft_A,20.0,Number_of_submovements_per_second,7,4.237651851993874,4.20639655895685,4.267769458310513,4.38802232341472,1.5972764181357701,8.617168792186051,2.4327651184584784
ft_A,20.0,Reconstruction_MASE,7,0.18090107693028523,0.17892094715638057,0.18304805126539417,0.2421784633131074,0.054034987864,0.31016418723257033,0.09382749957236572
ft_A,20.0,Reconstruction_R2,7,0.9306522382145916,0.9288372080566647,0.9323368016207213,0.8939752861109009,0.8567602182181061,0.9804255870739502,0.04736802978407484
ft_A,inf,Number_of_submovements_per_second,7,4.893550738112798,4.858181199396997,4.928107924104469,4.800951818639329,1.9008821870554307,9.129934511276074,2.3877604522722624
ft_A,inf,Reconstruction_MASE,7,0.17519634542795778,0.1732179960524694,0.1773440916394898,0.23713616929995915,0.068462428989,0.2978478007840042,0.08613585659145412
ft_A,inf,Reconstruction_R2,7,0.9255840572515182,0.9237387172870225,0.9273056901044601,0.892128838846371,0.8634630471460131,0.9789190222543295,0.049162577784880014
ft_B,10.0,Number_of_submovements_per_second,7,3.410770881370371,3.3872815476471745,3.434495131507107,3.8209236577090837,0.9031212134736741,7.740110908256404,2.3279988920695036
ft_B,10.0,Reconstruction_MASE,7,0.2422623320070875,0.23989919319225803,0.24472823635105048,0.2923032671202123,0.073583733578,0.37319442134701397,0.10671733493970419
ft_B,10.0,Reconstruction_R2,7,0.9003572059206519,0.8982445863067846,0.9023602386111422,0.8659937473938094,0.8130673782758354,0.968720408868301,0.051596776691503816
ft_B,20.0,Number_of_submovements_per_second,7,4.246590365253769,4.2149862071023945,4.277574961859041,4.43373847354497,1.6802358017800756,8.776730448610333,2.4646119263713278
ft_B,20.0,Reconstruction_MASE,7,0.1829492238999806,0.18070080404819672,0.18543284674029512,0.2469356975023275,0.054283724319,0.3079526140265719,0.09610808735296326
ft_B,20.0,Reconstruction_R2,7,0.9293096573204858,0.9273381551087914,0.9312221546390769,0.8931569704526587,0.8580200201867286,0.9818556458848811,0.047991567107289884
ft_B,inf,Number_of_submovements_per_second,7,4.827380183329633,4.79298701674058,4.860638084606253,4.839208744575067,2.0404764313123627,9.159437300109591,2.3638353600013975
ft_B,inf,Reconstruction_MASE,7,0.1761531188831034,0.17388915363157847,0.17866806792058648,0.24193893883781134,0.062090257105999996,0.2958868809994738,0.09041354648743136
ft_B,inf,Reconstruction_R2,7,0.9271749228860238,0.9251492087313161,0.9290551558344113,0.8925313194803727,0.8646963820335771,0.9802379290495575,0.047683310751195224
ft_A2,10.0,Number_of_submovements_per_second,7,3.377592369089207,3.354267550153801,3.4008710332908243,3.6294126394815156,0.879994531722513,6.867726917055912,2.107185222367215
ft_A2,10.0,Reconstruction_MASE,7,0.23970785632399697,0.237682027100742,0.24193814588439236,0.28836963516447534,0.07157033259900002,0.37691428556432516,0.10466166901191284
ft_A2,10.0,Reconstruction_R2,7,0.9004778764826467,0.8984986038074678,0.9023108249188653,0.8653273524727905,0.809066221137575,0.9686655759113251,0.05225776730718774
ft_A2,20.0,Number_of_submovements_per_second,7,4.21259193036346,4.18117731290292,4.243603075540342,4.356057844451401,1.6166894939233103,8.336309532619477,2.3196582203714633
ft_A2,20.0,Reconstruction_MASE,7,0.18019225931371086,0.17818215084713654,0.1823571050470737,0.2416002015836668,0.051296452986999995,0.3091666716490397,0.09464286848740469
ft_A2,20.0,Reconstruction_R2,7,0.931650456164868,0.9298573357175475,0.9333554997727347,0.8946168568777814,0.8571194259469931,0.9812512321842188,0.04758468037389224
ft_A2,inf,Number_of_submovements_per_second,7,4.845513131422562,4.811549516397358,4.88043330006083,4.7478170925177094,2.000050245538505,8.831445954375457,2.272717825250328
ft_A2,inf,Reconstruction_MASE,7,0.1750029910643959,0.17291252229073353,0.17722789480661608,0.2372847163736219,0.062667209147,0.29756882592186273,0.08761682710296868
ft_A2,inf,Reconstruction_R2,7,0.928009337900009,0.9261693753018997,0.9297945798665582,0.8937151075042282,0.8633108499237688,0.9772712798628241,0.04649617277966131
ft_B2,10.0,Number_of_submovements_per_second,7,3.353621227997303,3.3302069002119166,3.376705569617797,3.786255242116293,0.8638615555935819,7.712913863596102,2.2991423286189336
ft_B2,10.0,Reconstruction_MASE,7,0.2445421311067543,0.242222543975986,0.24703193166367915,0.29248954830175583,0.07372950900099999,0.37358901479215995,0.10498179721196585
ft_B2,10.0,Reconstruction_R2,7,0.8979883146293322,0.8958153365987,0.900096515729419,0.8644755674265219,0.813916590520502,0.9655820255223689,0.04949527496045962
ft_B2,20.0,Number_of_submovements_per_second,7,4.178520229938896,4.147249071539973,4.209406320354387,4.386459301560113,1.6422130091124014,8.777748343079764,2.4596794206958306
ft_B2,20.0,Reconstruction_MASE,7,0.18386586552132433,0.18160673035698743,0.18626761375861944,0.2444887449916701,0.053267890006000004,0.3084630504225204,0.09396825757877865
ft_B2,20.0,Reconstruction_R2,7,0.929187178572417,0.9272350691882717,0.931032620342823,0.8940210143027377,0.85859821909699,0.9777869091725105,0.04590159902821698
ft_B2,inf,Number_of_submovements_per_second,7,4.753453162145907,4.719254099354586,4.78743831562043,4.782840952135717,1.9988052051521261,9.162187371917522,2.3638752032508776
ft_B2,inf,Reconstruction_MASE,7,0.17573731796093123,0.17355911211003022,0.17815152525552663,0.23850123768893428,0.060674011447000006,0.29612273317337545,0.0887850792331137
ft_B2,inf,Reconstruction_R2,7,0.9276039116247434,0.9256436344459099,0.9295142654093437,0.8937030544763879,0.8654678249101957,0.9784166981325666,0.04622677116765772
