checkpoint,dataset,snr,mean,lower,upper,n
ft_A,Fitts,10.0,0.8701854446346495,0.8346714308800621,0.9056994583892369,10
ft_A,Fitts,20.0,0.8882615235503876,0.8507493725141325,0.9257736745866426,10
ft_A,Fitts,inf,0.8545810674868323,0.8096637764983885,0.899498358475276,10
ft_A,crank,10.0,0.8440755780541632,0.8138600256410414,0.874291130467285,5
ft_A,crank,20.0,0.92602396039041,0.9061727886436336,0.9458751321371864,5
ft_A,crank,inf,0.887636600214514,0.8629240391689182,0.9123491612601097,5
ft_A,object_moving,10.0,0.9143482252813522,0.8825301015029692,0.9461663490597352,5
ft_A,object_moving,20.0,0.9769699226813067,0.9757643251014962,0.9781755202611171,5
ft_A,object_moving,inf,0.9738731314653684,0.9669711209335686,0.9807751419971681,5
ft_A,pointing,10.0,0.9705475402693463,0.9460307711487328,0.9950643093899598,2
ft_A,pointing,20.0,0.9774740044684971,0.9336426252943304,1.0213053836426638,2
ft_A,pointing,inf,0.9820835727597612,0.9757436201122959,0.9884235254072266,2
ft_A,steering,10.0,0.9427824726946975,0.9381848321135372,0.9473801132758578,9
ft_A,steering,20.0,0.9704944852601598,0.9658603646049068,0.9751286059154128,9
ft_A,steering,inf,0.9725929527793055,0.9685720134825077,0.9766138920761033,9
ft_A,tablet_writing,10.0,0.799462608258162,0.7825476896239881,0.8163775268923358,33
ft_A,tablet_writing,20.0,0.8581714525357598,0.8432708717558495,0.8730720333156701,40
ft_A,tablet_writing,inf,0.8570253891903058,0.8367525212358269,0.8772982571447847,38
ft_A,whacamole,10.0,0.8983548693358898,0.885400392115497,0.9113093465562826,128
ft_A,whacamole,20.0,0.9250065013766289,0.912048784276891,0.9379642184763668,128
ft_A,whacamole,inf,0.929490253329277,0.9165135354818638,0.9424669711766903,128
ft_A2,Fitts,10.0,0.8695283949242911,0.8355948840426644,0.9034619058059179,10
ft_A2,Fitts,20.0,0.8900358525974971,0.8547033350949288,0.9253683701000653,10
ft_A2,Fitts,inf,0.8544525661375844,0.8078431800208065,0.9010619522543623,10
ft_A2,crank,10.0,0.8947455312710035,0.8674938936756923,0.9219971688663148,5
ft_A2,crank,20.0,0.9299946104382579,0.9077532296672888,0.9522359912092271,5
ft_A2,crank,inf,0.9046415156461152,0.8838621454067043,0.9254208858855261,5
ft_A2,object_moving,10.0,0.9279979693921154,0.9154483637520443,0.9405475750321866,5
ft_A2,object_moving,20.0,0.9751428049125422,0.970004743607617,0.9802808662174675,5
ft_A2,object_moving,inf,0.9655541018033638,0.9511744998578593,0.9799337037488682,5
ft_A2,pointing,10.0,0.9645458211392273,0.9175036129774476,1.0115880293010069,2
ft_A2,pointing,20.0,0.9792927659901918,0.9634689629188512,0.9951165690615323,2
ft_A2,pointing,inf,0.9816911065450122,0.9453997472735141,1.0179824658165104,2
ft_A2,steering,10.0,0.9440844451958272,0.9394239312770502,0.9487449591146043,9
ft_A2,steering,20.0,0.9705991506116626,0.9659696283256117,0.9752286728977134,9
ft_A2,steering,inf,0.9729188995488589,0.9688738065429162,0.9769639925548016,9
ft_A2,tablet_writing,10.0,0.8060662346176278,0.7907573938450384,0.8213750753902173,33
ft_A2,tablet_writing,20.0,0.8546019627171614,0.8395528016418867,0.869651123792436,40
ft_A2,tablet_writing,inf,0.8610301766591263,0.8449595759832738,0.8771007773349788,38
ft_A2,whacamole,10.0,0.8975062048994005,0.8842378591365667,0.9107745506622342,128
ft_A2,whacamole,20.0,0.9238072275184095,0.9104433208610553,0.9371711341757637,128
ft_A2,whacamole,inf,0.92857950553298,0.9153273515612518,0.9418316595047082,128
ft_B,Fitts,10.0,0.8687658315255142,0.8312842283854944,0.906247434665534,10
ft_B,Fitts,20.0,0.8930154330545228,0.8560823669060514,0.9299484992029942,10
ft_B,Fitts,inf,0.8489744696087864,0.7980424656811744,0.8999064735363984,10
ft_B,crank,10.0,0.8917397914387672,0.871774174237722,0.9117054086398125,5
ft_B,crank,20.0,0.9189346331196191,0.9020413688860842,0.935827897353154,5
ft_B,crank,inf,0.9020828950967712,0.8863317492053524,0.91783404098819,5
ft_B,object_moving,10.0,0.9213060247551198,0.8835798874325758,0.9590321620776638,5
ft_B,object_moving,20.0,0.9771943978692079,0.9745802456663657,0.9798085500720501,5
ft_B,object_moving,inf,0.9660541183333791,0.9523689612343963,0.9797392754323618,5
ft_B,pointing,10.0,0.9712532929739528,0.954799408083917,0.9877071778639887,2
ft_B,pointing,20.0,0.9775713673117115,0.9757899830215809,0.979352751601842,2
ft_B,pointing,inf,0.9787420802472826,0.8943037531414124,1.0631804073531528,2
ft_B,steering,10.0,0.9415522768700773,0.9364990367009667,0.9466055170391878,9
ft_B,steering,20.0,0.9701349231471986,0.9654139797385185,0.9748558665558787,9
ft_B,steering,inf,0.9741266300351228,0.9701233559401979,0.9781299041300476,9
ft_B,tablet_writing,10.0,0.8136898089047762,0.7982688397197281,0.8291107780898243,33
ft_B,tablet_writing,20.0,0.8556404055992053,0.8411554495068589,0.8701253616915516,40
ft_B,tablet_writing,inf,0.866804280649301,0.8513002946516813,0.8823082666469207,38
ft_B,whacamole,10.0,0.8917987085878849,0.8770120197550149,0.906585397420755,128
ft_B,whacamole,20.0,0.9203492612577975,0.9060470363541944,0.9346514861614006,128
ft_B,whacamole,inf,0.923999679274857,0.9097226643746742,0.9382766941750399,128
ft_B2,Fitts,10.0,0.8682928175359835,0.8313536283877999,0.9052320066841671,10
ft_B2,Fitts,20.0,0.8910063464687374,0.8520509292156803,0.9299617637217946,10
ft_B2,Fitts,inf,0.8488809732082677,0.7957316757491881,0.9020302706673473,10
ft_B2,crank,10.0,0.8907845736579512,0.8830631056392214,0.8985060416766809,5
ft_B2,crank,20.0,0.9256176053405879,0.9056497893789076,0.9455854213022682,5
ft_B2,crank,inf,0.9080609662878301,0.8931503821901168,0.9229715503855433,5
ft_B2,object_moving,10.0,0.9059903254710807,0.8777964146868278,0.9341842362553336,5
ft_B2,object_moving,20.0,0.9716606571316746,0.9657225453818158,0.9775987688815334,5
ft_B2,object_moving,inf,0.9612071944607627,0.9354597116780051,0.9869546772435204,5
ft_B2,pointing,10.0,0.9643234887839237,0.9093140426120723,1.0193329349557751,2
ft_B2,pointing,20.0,0.9756253918596343,0.9408850055392591,1.0103657781800093,2
ft_B2,pointing,inf,0.9785555841828256,0.9146751435239704,1.0424360248416809,2
ft_B2,steering,10.0,0.9391466053796981,0.9343153479941323,0.9439778627652639,9
ft_B2,steering,20.0,0.9699931327023622,0.9654406842892367,0.9745455811154877,9
ft_B2,steering,inf,0.9738982380453712,0.9696510951706309,0.9781453809201116,9
ft_B2,tablet_writing,10.0,0.8096638706676634,0.7928041106099116,0.8265236307254152,33
ft_B2,tablet_writing,20.0,0.8576092438222396,0.84365737932622,0.8715611083182592,40
ft_B2,tablet_writing,inf,0.8657754496486862,0.8499545767580103,0.8815963225393622,38
ft_B2,whacamole,10.0,0.8933137408457696,0.879532237800669,0.9070952438908703,128
ft_B2,whacamole,20.0,0.9213457773439586,0.9076767552864731,0.9350147994014442,128
ft_B2,whacamole,inf,0.924801689106971,0.9109451273370789,0.9386582508768632,128
ft_released,Fitts,10.0,0.8698593749409114,0.8346735873605838,0.9050451625212389,10
ft_released,Fitts,20.0,0.8891937435636882,0.8481239730587088,0.9302635140686676,10
ft_released,Fitts,inf,0.8529221251638246,0.8066365965296433,0.8992076537980059,10
ft_released,crank,10.0,0.8863044058964922,0.863387889450324,0.9092209223426604,5
ft_released,crank,20.0,0.9251507397000488,0.9070798281475859,0.9432216512525117,5
ft_released,crank,inf,0.8889488736202067,0.8620102020136189,0.9158875452267945,5
ft_released,object_moving,10.0,0.9381507308741724,0.9278735863975726,0.9484278753507723,5
ft_released,object_moving,20.0,0.973210031128023,0.9701304769985417,0.9762895852575042,5
ft_released,object_moving,inf,0.9694011174290947,0.956349885310416,0.9824523495477735,5
ft_released,pointing,10.0,0.9677136361016749,0.9241336928259845,1.0112935793773654,2
ft_released,pointing,20.0,0.9809764822908477,0.9754371580308638,0.9865158065508315,2
ft_released,pointing,inf,0.9839952976816815,0.9568629631385768,1.0111276322247862,2
ft_released,steering,10.0,0.9443671536765341,0.9400057029345128,0.9487286044185554,9
ft_released,steering,20.0,0.9706354491320658,0.9659447560903294,0.9753261421738022,9
ft_released,steering,inf,0.9727112213765137,0.9686631830721204,0.9767592596809069,9
ft_released,tablet_writing,10.0,0.8032724388552414,0.7871770342461535,0.8193678434643292,33
ft_released,tablet_writing,20.0,0.8539465304623757,0.8388174244269742,0.8690756364977772,40
ft_released,tablet_writing,inf,0.8624328760462895,0.845523510548138,0.879342241544441,38
ft_released,whacamole,10.0,0.8984369742684066,0.8854805504525353,0.911393398084278,128
ft_released,whacamole,20.0,0.9248794829472899,0.9118226948354435,0.9379362710591364,128
ft_released,whacamole,inf,0.9293756522238255,0.9163407713259085,0.9424105331217424,128
pre_released,Fitts,10.0,0.8755243704248687,0.8385053854713141,0.9125433553784233,10
pre_released,Fitts,20.0,0.8972149788529867,0.8612969684052824,0.9331329893006911,10
pre_released,Fitts,inf,0.8582974539489863,0.8124447750910612,0.9041501328069114,10
pre_released,crank,10.0,0.5814271737862851,0.5344385781845054,0.6284157693880648,5
pre_released,crank,20.0,0.6524661411410009,0.5811074565135255,0.7238248257684763,5
pre_released,crank,inf,0.6600766833882382,0.5825741858225799,0.7375791809538965,5
pre_released,object_moving,10.0,0.9182307963491116,0.9124020949439196,0.9240594977543037,5
pre_released,object_moving,20.0,0.941134226500426,0.9205289900011521,0.9617394629996999,5
pre_released,object_moving,inf,0.9603073153655414,0.949549521172402,0.9710651095586808,5
pre_released,pointing,10.0,0.9714558191934057,0.9398010894161937,1.0031105489706178,2
pre_released,pointing,20.0,0.9763444431272208,0.9731417634682962,0.9795471227861454,2
pre_released,pointing,inf,0.9750103813265425,0.9057093632533482,1.0443113993997368,2
pre_released,steering,10.0,0.9425075383626039,0.9369221439588847,0.9480929327663231,9
pre_released,steering,20.0,0.9625261460373431,0.9575782597631862,0.9674740323115,9
pre_released,steering,inf,0.9641675160368587,0.9589434239704183,0.969391608103299,9
pre_released,tablet_writing,10.0,0.7937159888107008,0.7746594987783626,0.812772478843039,33
pre_released,tablet_writing,20.0,0.8284919582857263,0.812032748253953,0.8449511683174996,40
pre_released,tablet_writing,inf,0.8319361821302496,0.811809833364375,0.8520625308961242,38
pre_released,whacamole,10.0,0.8839335311204195,0.8704744595768852,0.8973926026639538,128
pre_released,whacamole,20.0,0.9072529482655227,0.8936473215423701,0.9208585749886753,128
pre_released,whacamole,inf,0.9124391814693809,0.899098555093269,0.9257798078454927,128
pre_rerun,Fitts,10.0,0.8763267167318951,0.8369737876001524,0.9156796458636378,10
pre_rerun,Fitts,20.0,0.8985058700896845,0.8654720364448405,0.9315397037345285,10
pre_rerun,Fitts,inf,0.8519510549770878,0.8062008131644981,0.8977012967896775,10
pre_rerun,crank,10.0,0.5442851274982999,0.49556599506042237,0.5930042599361774,5
pre_rerun,crank,20.0,0.6300830061152661,0.5838400482853793,0.676325963945153,5
pre_rerun,crank,inf,0.20277010846955754,-0.5075402130923836,0.9130804300314987,5
pre_rerun,object_moving,10.0,0.9161285469267103,0.8922977330305362,0.9399593608228844,5
pre_rerun,object_moving,20.0,0.9547434673104748,0.9454710937388893,0.9640158408820603,5
pre_rerun,object_moving,inf,0.944973857569219,0.9271112276896671,0.9628364874487709,5
pre_rerun,pointing,10.0,0.9741113368844811,0.9413807244018431,1.0068419493671192,2
pre_rerun,pointing,20.0,0.9763924267654326,0.9684554575407028,0.9843293959901623,2
pre_rerun,pointing,inf,0.9697587451507212,0.8167077989172631,1.1228096913841794,2
pre_rerun,steering,10.0,0.9479587619127048,0.9429936227508442,0.9529239010745654,9
pre_rerun,steering,20.0,0.9665634350000339,0.9621323432754948,0.9709945267245731,9
pre_rerun,steering,inf,0.9689029268606598,0.964731509702866,0.9730743440184536,9
pre_rerun,tablet_writing,10.0,0.7965575376443992,0.7770271787359406,0.8160878965528577,33
pre_rerun,tablet_writing,20.0,0.835597023568338,0.8189330256287801,0.8522610215078958,40
pre_rerun,tablet_writing,inf,0.8418695407553125,0.8240401164169155,0.8596989650937095,38
pre_rerun,whacamole,10.0,0.8795526372268796,0.8652774365565267,0.8938278378972325,128
pre_rerun,whacamole,20.0,0.9030609023757279,0.8883725751175343,0.9177492296339215,128
pre_rerun,whacamole,inf,0.9067595796659589,0.8920962610803295,0.9214228982515883,128
pre_rerun_s1000,Fitts,10.0,0.8669757425123865,0.8299071464479354,0.9040443385768376,10
pre_rerun_s1000,Fitts,20.0,0.8853857298179861,0.8505449009852806,0.9202265586506917,10
pre_rerun_s1000,Fitts,inf,0.8514399415269202,0.8063459846326768,0.8965338984211635,10
pre_rerun_s1000,crank,10.0,0.4796346384780339,0.3845873736613186,0.5746819032947492,5
pre_rerun_s1000,crank,20.0,0.6272479217632231,0.5593887595523156,0.6951070839741306,5
pre_rerun_s1000,crank,inf,0.5863298648996262,0.39354916148159935,0.7791105683176531,5
pre_rerun_s1000,object_moving,10.0,0.9275600913025084,0.923771826458614,0.9313483561464028,5
pre_rerun_s1000,object_moving,20.0,0.9479262272341377,0.9362756892090028,0.9595767652592725,5
pre_rerun_s1000,object_moving,inf,0.9574940344546935,0.9486018104910311,0.9663862584183559,5
pre_rerun_s1000,pointing,10.0,0.9704838036690293,0.8935704975655254,1.0473971097725332,2
pre_rerun_s1000,pointing,20.0,0.9769254326820374,0.968469065097991,0.9853818002660837,2
pre_rerun_s1000,pointing,inf,0.9737188663376495,0.9487403398330772,0.9986973928422218,2
pre_rerun_s1000,steering,10.0,0.9460578966548153,0.9409976461956571,0.9511181471139736,9
pre_rerun_s1000,steering,20.0,0.9651419044184831,0.9601527906283506,0.9701310182086157,9
pre_rerun_s1000,steering,inf,0.967469106888914,0.9625562285132552,0.9723819852645728,9
pre_rerun_s1000,tablet_writing,10.0,0.7924249211271117,0.771975681574076,0.8128741606801474,33
pre_rerun_s1000,tablet_writing,20.0,0.8250928683898279,0.8040303205830677,0.8461554161965881,40
pre_rerun_s1000,tablet_writing,inf,0.8258688979728479,0.8049895593104553,0.8467482366352405,38
pre_rerun_s1000,whacamole,10.0,0.8861562921665609,0.8735108755672168,0.8988017087659049,128
pre_rerun_s1000,whacamole,20.0,0.9087946843355894,0.8957136998029573,0.9218756688682215,128
pre_rerun_s1000,whacamole,inf,0.9126754147000611,0.8995958688532053,0.9257549605469169,128
