checkpoint,domain,group,variant,mean,lower,upper,n
ft_A,synthetic,all,per-trial mean (mine),0.9846495252418875,0.9840841430614495,0.9852077100105817,4608
ft_A,synthetic,all,pooled recompute (paper),0.979175800692187,0.9783660682271011,0.9799250855664919,4608
ft_A,synthetic,snr10.0_refr0.0-0.5,per-trial mean (mine),0.9434739403761341,0.9419641072890954,0.944968577369582,512
ft_A,synthetic,snr10.0_refr0.0-0.5,pooled recompute (paper),0.9445256688588936,0.9430353535205391,0.9460486920297565,512
ft_A,synthetic,snr10.0_refr0.5-1.0,per-trial mean (mine),0.9702080409328919,0.9692403358378214,0.9712068826542236,512
ft_A,synthetic,snr10.0_refr0.5-1.0,pooled recompute (paper),0.9706805780163589,0.9696929553905196,0.971730391418353,512
ft_A,synthetic,snr10.0_refr1-1.5,per-trial mean (mine),0.989221540855302,0.9889262104348745,0.9895116694504396,512
ft_A,synthetic,snr10.0_refr1-1.5,pooled recompute (paper),0.9895438447805499,0.9892770282766403,0.9898178150688621,512
ft_A,synthetic,snr20.0_refr0.0-0.5,per-trial mean (mine),0.9793400654009893,0.9784496597480029,0.9802156590885716,512
ft_A,synthetic,snr20.0_refr0.0-0.5,pooled recompute (paper),0.9794283428830315,0.9784952409850235,0.9803407812893226,512
ft_A,synthetic,snr20.0_refr0.5-1.0,per-trial mean (mine),0.9947223694517161,0.9943273520679213,0.9950862011290156,512
ft_A,synthetic,snr20.0_refr0.5-1.0,pooled recompute (paper),0.9947714179763321,0.9943255112725711,0.9951789676219025,512
ft_A,synthetic,snr20.0_refr1-1.5,per-trial mean (mine),0.9985254905084148,0.9983631272247294,0.9986451812554151,512
ft_A,synthetic,snr20.0_refr1-1.5,pooled recompute (paper),0.9985576842050636,0.9983799269298065,0.9986835551322687,512
ft_A,synthetic,snrinf_refr0.0-0.5,per-trial mean (mine),0.9874287609457387,0.9869462195929373,0.9878822767670499,512
ft_A,synthetic,snrinf_refr0.0-0.5,pooled recompute (paper),0.9877193287901571,0.9872148094668174,0.9881992026781801,512
ft_A,synthetic,snrinf_refr0.5-1.0,per-trial mean (mine),0.9990764763556653,0.999000864700065,0.9991493591631297,512
ft_A,synthetic,snrinf_refr0.5-1.0,pooled recompute (paper),0.9990990028955093,0.9990231400342556,0.9991704681193001,512
ft_A,synthetic,snrinf_refr1-1.5,per-trial mean (mine),0.9999239694654243,0.9999193414667389,0.9999278341798344,512
ft_A,synthetic,snrinf_refr1-1.5,pooled recompute (paper),0.99992692151757,0.9999206011597086,0.9999317631560574,512
ft_A2,synthetic,all,per-trial mean (mine),0.9832142503137324,0.9825960102167705,0.9838249822664592,4608
ft_A2,synthetic,all,pooled recompute (paper),0.977750019764684,0.9768803430995037,0.9785798429407133,4608
ft_A2,synthetic,snr10.0_refr0.0-0.5,per-trial mean (mine),0.94011783478281,0.9385429034970002,0.9417005177645479,512
ft_A2,synthetic,snr10.0_refr0.0-0.5,pooled recompute (paper),0.9408964174439026,0.9391293050935765,0.942555500927014,512
ft_A2,synthetic,snr10.0_refr0.5-1.0,per-trial mean (mine),0.9628542435127893,0.9613315116759622,0.9642544389032992,512
ft_A2,synthetic,snr10.0_refr0.5-1.0,pooled recompute (paper),0.9629724723184523,0.9612997365766541,0.9645027385909732,512
ft_A2,synthetic,snr10.0_refr1-1.5,per-trial mean (mine),0.9863364741864498,0.9853756169351982,0.9871526644361438,512
ft_A2,synthetic,snr10.0_refr1-1.5,pooled recompute (paper),0.98614331752611,0.9850023342205239,0.9871164620527192,512
ft_A2,synthetic,snr20.0_refr0.0-0.5,per-trial mean (mine),0.979578478215204,0.9787350409227656,0.9804003465658753,512
ft_A2,synthetic,snr20.0_refr0.0-0.5,pooled recompute (paper),0.9797245402452874,0.97882872959029,0.9805592072949068,512
ft_A2,synthetic,snr20.0_refr0.5-1.0,per-trial mean (mine),0.9949521348309937,0.9946780450438382,0.9952172660909128,512
ft_A2,synthetic,snr20.0_refr0.5-1.0,pooled recompute (paper),0.9950389581836386,0.9947578896169923,0.9953112175630036,512
ft_A2,synthetic,snr20.0_refr1-1.5,per-trial mean (mine),0.9985434135819087,0.9984383492410416,0.9986364307434996,512
ft_A2,synthetic,snr20.0_refr1-1.5,pooled recompute (paper),0.9985485540119458,0.9984263238639169,0.9986558627135562,512
ft_A2,synthetic,snrinf_refr0.0-0.5,per-trial mean (mine),0.9875756921471329,0.9869808903866215,0.9881442680431064,512
ft_A2,synthetic,snrinf_refr0.0-0.5,pooled recompute (paper),0.9879172004928668,0.9873218943104203,0.9884777271630814,512
ft_A2,synthetic,snrinf_refr0.5-1.0,per-trial mean (mine),0.9989382254006341,0.9988038610492367,0.9990567610308062,512
ft_A2,synthetic,snrinf_refr0.5-1.0,pooled recompute (paper),0.9989393099390146,0.9987941015280808,0.9990655448452956,512
ft_A2,synthetic,snrinf_refr1-1.5,per-trial mean (mine),0.9999173726153094,0.9999139003659365,0.9999206035252428,512
ft_A2,synthetic,snrinf_refr1-1.5,pooled recompute (paper),0.9999209750958443,0.9999169287076911,0.9999244878699897,512
ft_B,synthetic,all,per-trial mean (mine),0.9855402595320095,0.9850273638944297,0.9860511472759148,4608
ft_B,synthetic,all,pooled recompute (paper),0.9807483628521309,0.9800449933348352,0.9814632024361016,4608
ft_B,synthetic,snr10.0_refr0.0-0.5,per-trial mean (mine),0.947780739064503,0.9461539215029916,0.9492746664676815,512
ft_B,synthetic,snr10.0_refr0.0-0.5,pooled recompute (paper),0.9489601590950202,0.947355078670079,0.9504555497174456,512
ft_B,synthetic,snr10.0_refr0.5-1.0,per-trial mean (mine),0.9708894286250579,0.9699190814222675,0.9718072416086215,512
ft_B,synthetic,snr10.0_refr0.5-1.0,pooled recompute (paper),0.9714934074071708,0.9705333784349812,0.9723963743621447,512
ft_B,synthetic,snr10.0_refr1-1.5,per-trial mean (mine),0.9889736580708414,0.9886518271756358,0.9892855495068943,512
ft_B,synthetic,snr10.0_refr1-1.5,pooled recompute (paper),0.9892073417092353,0.9888257703236514,0.9895424108059672,512
ft_B,synthetic,snr20.0_refr0.0-0.5,per-trial mean (mine),0.9826383211845532,0.9819421949621756,0.9833065718557918,512
ft_B,synthetic,snr20.0_refr0.0-0.5,pooled recompute (paper),0.9827959168377243,0.9820584393097461,0.9834858497592122,512
ft_B,synthetic,snr20.0_refr0.5-1.0,per-trial mean (mine),0.9949853495509015,0.994607475673547,0.9953231868363218,512
ft_B,synthetic,snr20.0_refr0.5-1.0,pooled recompute (paper),0.9950780985413167,0.9946925822999957,0.9954233281098684,512
ft_B,synthetic,snr20.0_refr1-1.5,per-trial mean (mine),0.9984796672234079,0.9983653346251231,0.998575620164047,512
ft_B,synthetic,snr20.0_refr1-1.5,pooled recompute (paper),0.998505266722989,0.9983786122437549,0.9986091720850907,512
ft_B,synthetic,snrinf_refr0.0-0.5,per-trial mean (mine),0.9872268329926883,0.9866342150868149,0.9877875283971662,512
ft_B,synthetic,snrinf_refr0.0-0.5,pooled recompute (paper),0.9876473876318276,0.987083883903061,0.9882045631018346,512
ft_B,synthetic,snrinf_refr0.5-1.0,per-trial mean (mine),0.9990426498494344,0.9989494851644849,0.999122834179434,512
ft_B,synthetic,snrinf_refr0.5-1.0,pooled recompute (paper),0.9990601947297209,0.9989699656472328,0.9991393687319063,512
ft_B,synthetic,snrinf_refr1-1.5,per-trial mean (mine),0.9999096259886865,0.9999029874190455,0.9999145864829189,512
ft_B,synthetic,snrinf_refr1-1.5,pooled recompute (paper),0.999914849787874,0.9999074920698224,0.9999200975739104,512
ft_B2,synthetic,all,per-trial mean (mine),0.9846098039343358,0.9840490340397486,0.9851716874228765,4608
ft_B2,synthetic,all,pooled recompute (paper),0.979587514652783,0.9788397350316611,0.9803280158990499,4608
ft_B2,synthetic,snr10.0_refr0.0-0.5,per-trial mean (mine),0.9443821660243557,0.9427275165187894,0.9459839336603182,512
ft_B2,synthetic,snr10.0_refr0.0-0.5,pooled recompute (paper),0.9458737256303525,0.9443287127682989,0.9474169158997245,512
ft_B2,synthetic,snr10.0_refr0.5-1.0,per-trial mean (mine),0.9693139552746434,0.9680663854902377,0.9704497340106173,512
ft_B2,synthetic,snr10.0_refr0.5-1.0,pooled recompute (paper),0.9698817645577,0.9685930441424206,0.97107601179568,512
ft_B2,synthetic,snr10.0_refr1-1.5,per-trial mean (mine),0.9876366772672045,0.9870911606092705,0.9881508415797725,512
ft_B2,synthetic,snr10.0_refr1-1.5,pooled recompute (paper),0.9878824045376735,0.9873444566770744,0.9883943352538234,512
ft_B2,synthetic,snr20.0_refr0.0-0.5,per-trial mean (mine),0.9813868195111863,0.9806162824563216,0.9820984379737638,512
ft_B2,synthetic,snr20.0_refr0.0-0.5,pooled recompute (paper),0.981576948047948,0.9808087973870385,0.9822987155725126,512
ft_B2,synthetic,snr20.0_refr0.5-1.0,per-trial mean (mine),0.9947981895990088,0.9943395957001485,0.9952126340096583,512
ft_B2,synthetic,snr20.0_refr0.5-1.0,pooled recompute (paper),0.9949045968626073,0.9944322133310893,0.9953044238167995,512
ft_B2,synthetic,snr20.0_refr1-1.5,per-trial mean (mine),0.9984654345911694,0.998365692482912,0.998554067517398,512
ft_B2,synthetic,snr20.0_refr1-1.5,pooled recompute (paper),0.9985057687558199,0.998400858812545,0.9985936898816865,512
ft_B2,synthetic,snrinf_refr0.0-0.5,per-trial mean (mine),0.9867869891580776,0.9860842392779887,0.9874335850588978,512
ft_B2,synthetic,snrinf_refr0.0-0.5,pooled recompute (paper),0.9872141602966537,0.9865550819217154,0.9878339688682348,512
ft_B2,synthetic,snrinf_refr0.5-1.0,per-trial mean (mine),0.998953171166766,0.9988327795406804,0.9990503387292847,512
ft_B2,synthetic,snrinf_refr0.5-1.0,pooled recompute (paper),0.9989617007780944,0.9988219299613427,0.9990669499201933,512
ft_B2,synthetic,snrinf_refr1-1.5,per-trial mean (mine),0.9998850629879161,0.999878935154993,0.9998903246072587,512
ft_B2,synthetic,snrinf_refr1-1.5,pooled recompute (paper),0.999890801722009,0.9998841808632138,0.9998961456992246,512
ft_released,synthetic,all,per-trial mean (mine),0.9853144845936719,0.9848065386015353,0.9858296997327772,4608
ft_released,synthetic,all,pooled recompute (paper),0.980122455303218,0.9794188677099369,0.9808298333829925,4608
ft_released,synthetic,snr10.0_refr0.0-0.5,per-trial mean (mine),0.9465120619224036,0.9451790405873908,0.9478137820435222,512
ft_released,synthetic,snr10.0_refr0.0-0.5,pooled recompute (paper),0.9474960955331395,0.9461634893201774,0.9488117928415204,512
ft_released,synthetic,snr10.0_refr0.5-1.0,per-trial mean (mine),0.9717118822055636,0.9707759166543838,0.9726218548690667,512
ft_released,synthetic,snr10.0_refr0.5-1.0,pooled recompute (paper),0.972132962970531,0.9711809153506133,0.9730577277124499,512
ft_released,synthetic,snr10.0_refr1-1.5,per-trial mean (mine),0.9894476527278894,0.9891675324499374,0.9897131790377898,512
ft_released,synthetic,snr10.0_refr1-1.5,pooled recompute (paper),0.9896523552684527,0.9893418756485459,0.9899304421705791,512
ft_released,synthetic,snr20.0_refr0.0-0.5,per-trial mean (mine),0.9802619141933974,0.9794486296799733,0.9810144395683892,512
ft_released,synthetic,snr20.0_refr0.0-0.5,pooled recompute (paper),0.9804395156937094,0.9795698539948918,0.9812518445504876,512
ft_released,synthetic,snr20.0_refr0.5-1.0,per-trial mean (mine),0.9950847467814455,0.9947532621066785,0.9953823187039234,512
ft_released,synthetic,snr20.0_refr0.5-1.0,pooled recompute (paper),0.9951923866237232,0.9948589816089365,0.9954942857599234,512
ft_released,synthetic,snr20.0_refr1-1.5,per-trial mean (mine),0.9985556850885623,0.9984267639694735,0.9986509033944457,512
ft_released,synthetic,snr20.0_refr1-1.5,pooled recompute (paper),0.998570823593541,0.9984188034958429,0.9986805619062146,512
ft_released,synthetic,snrinf_refr0.0-0.5,per-trial mean (mine),0.9872493983120657,0.9866746443964075,0.9878192863165168,512
ft_released,synthetic,snrinf_refr0.0-0.5,pooled recompute (paper),0.9876530196737088,0.9870914108700903,0.9882044711787764,512
ft_released,synthetic,snrinf_refr0.5-1.0,per-trial mean (mine),0.9989958394477144,0.9987128172331723,0.99917061146989,512
ft_released,synthetic,snrinf_refr0.5-1.0,pooled recompute (paper),0.9990128900750237,0.9987324685706863,0.9991887923246272,512
ft_released,synthetic,snrinf_refr1-1.5,per-trial mean (mine),0.9999177377862507,0.999910908943275,0.9999226118758088,512
ft_released,synthetic,snrinf_refr1-1.5,pooled recompute (paper),0.9999197204611896,0.9999085873424096,0.9999266483109924,512
pre_released,synthetic,all,per-trial mean (mine),0.9839225706738846,0.9833961531917642,0.984420172180075,4608
pre_released,synthetic,all,pooled recompute (paper),0.9786336215864416,0.977954065598079,0.979311369304362,4608
pre_released,synthetic,snr10.0_refr0.0-0.5,per-trial mean (mine),0.9483245085694944,0.9470216595975216,0.9496107482817024,512
pre_released,synthetic,snr10.0_refr0.0-0.5,pooled recompute (paper),0.9491229109386773,0.9476792835920719,0.9504804216711887,512
pre_released,synthetic,snr10.0_refr0.5-1.0,per-trial mean (mine),0.9711857858741423,0.9702307224797551,0.9721009403496282,512
pre_released,synthetic,snr10.0_refr0.5-1.0,pooled recompute (paper),0.9715486079240844,0.9705043559696154,0.9725359760422178,512
pre_released,synthetic,snr10.0_refr1-1.5,per-trial mean (mine),0.9864017309267074,0.9856743625801755,0.9870549673069036,512
pre_released,synthetic,snr10.0_refr1-1.5,pooled recompute (paper),0.9863177017282092,0.9854140027242054,0.987119637593089,512
pre_released,synthetic,snr20.0_refr0.0-0.5,per-trial mean (mine),0.9753500282891328,0.9743767415871843,0.9762314852559939,512
pre_released,synthetic,snr20.0_refr0.0-0.5,pooled recompute (paper),0.9758292703546508,0.9748257075033037,0.9767189090588654,512
pre_released,synthetic,snr20.0_refr0.5-1.0,per-trial mean (mine),0.9933392541637877,0.9927764556981856,0.9938702229468618,512
pre_released,synthetic,snr20.0_refr0.5-1.0,pooled recompute (paper),0.9934730224281364,0.9929190654943184,0.9939838522793881,512
pre_released,synthetic,snr20.0_refr1-1.5,per-trial mean (mine),0.9979453346020309,0.9976667793642264,0.9981553997000446,512
pre_released,synthetic,snr20.0_refr1-1.5,pooled recompute (paper),0.997906241787786,0.9975553517956354,0.9981708399371177,512
pre_released,synthetic,snrinf_refr0.0-0.5,per-trial mean (mine),0.9852025137742748,0.9845602404529927,0.9857728232338558,512
pre_released,synthetic,snrinf_refr0.0-0.5,pooled recompute (paper),0.9856371847102798,0.9849900467863656,0.9862017114332643,512
pre_released,synthetic,snrinf_refr0.5-1.0,per-trial mean (mine),0.9983149611131521,0.9981773266044911,0.9984302508732071,512
pre_released,synthetic,snrinf_refr0.5-1.0,pooled recompute (paper),0.9983507285168669,0.9982071440191769,0.998467029977117,512
pre_released,synthetic,snrinf_refr1-1.5,per-trial mean (mine),0.9992930435542948,0.9992743527982384,0.9993113988253753,512
pre_released,synthetic,snrinf_refr1-1.5,pooled recompute (paper),0.9993377261607138,0.9993156703404845,0.9993572466325479,512
pre_rerun,synthetic,all,per-trial mean (mine),0.9861548134051652,0.9856694112890788,0.9866106251642729,4608
pre_rerun,synthetic,all,pooled recompute (paper),0.981559312329686,0.98094251123111,0.9821354564574959,4608
pre_rerun,synthetic,snr10.0_refr0.0-0.5,per-trial mean (mine),0.9531007997657871,0.9519958456745371,0.9541747973125894,512
pre_rerun,synthetic,snr10.0_refr0.0-0.5,pooled recompute (paper),0.9540897839223655,0.9529905152167456,0.9551085618811375,512
pre_rerun,synthetic,snr10.0_refr0.5-1.0,per-trial mean (mine),0.9750291206625988,0.9743482992140343,0.9756641847547144,512
pre_rerun,synthetic,snr10.0_refr0.5-1.0,pooled recompute (paper),0.9755419762071681,0.974850012583194,0.9761806380222503,512
pre_rerun,synthetic,snr10.0_refr1-1.5,per-trial mean (mine),0.9889279479860561,0.9885869481338887,0.9892406817845767,512
pre_rerun,synthetic,snr10.0_refr1-1.5,pooled recompute (paper),0.989069999792993,0.9886890334644245,0.9894260017352071,512
pre_rerun,synthetic,snr20.0_refr0.0-0.5,per-trial mean (mine),0.9806452587274253,0.9800469578447519,0.9812177074665669,512
pre_rerun,synthetic,snr20.0_refr0.0-0.5,pooled recompute (paper),0.9811341956761651,0.9805576550067446,0.9817138452593305,512
pre_rerun,synthetic,snr20.0_refr0.5-1.0,per-trial mean (mine),0.9947444298844784,0.9942738449375611,0.995113822244457,512
pre_rerun,synthetic,snr20.0_refr0.5-1.0,pooled recompute (paper),0.9949125292792491,0.9945058438204736,0.9952467907030154,512
pre_rerun,synthetic,snr20.0_refr1-1.5,per-trial mean (mine),0.9978868964037975,0.9974641733628232,0.998235056453268,512
pre_rerun,synthetic,snr20.0_refr1-1.5,pooled recompute (paper),0.997830947565482,0.9972574474058883,0.9982587142100858,512
pre_rerun,synthetic,snrinf_refr0.0-0.5,per-trial mean (mine),0.9866076467148378,0.9861171593482141,0.9871135426015826,512
pre_rerun,synthetic,snrinf_refr0.0-0.5,pooled recompute (paper),0.986987730645552,0.9864697546449956,0.9874821662784576,512
pre_rerun,synthetic,snrinf_refr0.5-1.0,per-trial mean (mine),0.9987674700816278,0.998662121052621,0.998854935032432,512
pre_rerun,synthetic,snrinf_refr0.5-1.0,pooled recompute (paper),0.9987819550406726,0.9986518362737281,0.9988796439958415,512
pre_rerun,synthetic,snrinf_refr1-1.5,per-trial mean (mine),0.9996224039903027,0.9996108290273696,0.999633597661159,512
pre_rerun,synthetic,snrinf_refr1-1.5,pooled recompute (paper),0.9996463839073628,0.9996345572872967,0.9996569324522921,512
pre_rerun_s1000,synthetic,all,per-trial mean (mine),0.9847727389912859,0.9842409775207569,0.9852889457326253,4608
pre_rerun_s1000,synthetic,all,pooled recompute (paper),0.9793826894837971,0.9787231585591373,0.9800520833378324,4608
pre_rerun_s1000,synthetic,snr10.0_refr0.0-0.5,per-trial mean (mine),0.9499259799752036,0.9485652618750464,0.9511901050631423,512
pre_rerun_s1000,synthetic,snr10.0_refr0.0-0.5,pooled recompute (paper),0.9512307571541189,0.9499461447992033,0.9524153855050317,512
pre_rerun_s1000,synthetic,snr10.0_refr0.5-1.0,per-trial mean (mine),0.9730699909996474,0.971990986034507,0.9740301198326051,512
pre_rerun_s1000,synthetic,snr10.0_refr0.5-1.0,pooled recompute (paper),0.9735240336131544,0.9723980039630828,0.974503521912818,512
pre_rerun_s1000,synthetic,snr10.0_refr1-1.5,per-trial mean (mine),0.9890044192523928,0.9886580236314331,0.9893296549213119,512
pre_rerun_s1000,synthetic,snr10.0_refr1-1.5,pooled recompute (paper),0.9891900049786638,0.9888240808744064,0.9895446126963381,512
pre_rerun_s1000,synthetic,snr20.0_refr0.0-0.5,per-trial mean (mine),0.974949069032562,0.9737372816569405,0.9760121779690962,512
pre_rerun_s1000,synthetic,snr20.0_refr0.0-0.5,pooled recompute (paper),0.9754382114523154,0.974289531269023,0.9764999877480651,512
pre_rerun_s1000,synthetic,snr20.0_refr0.5-1.0,per-trial mean (mine),0.9940079091690132,0.9935113784857095,0.9944499293371336,512
pre_rerun_s1000,synthetic,snr20.0_refr0.5-1.0,pooled recompute (paper),0.9940122268750721,0.993489880640876,0.9944786053471935,512
pre_rerun_s1000,synthetic,snr20.0_refr1-1.5,per-trial mean (mine),0.9983347242033924,0.9981850661686622,0.9984585901256651,512
pre_rerun_s1000,synthetic,snr20.0_refr1-1.5,pooled recompute (paper),0.9983347629709962,0.9981566586154518,0.9984793112989087,512
pre_rerun_s1000,synthetic,snrinf_refr0.0-0.5,per-trial mean (mine),0.9850410309709842,0.9843637506506638,0.9856971794913989,512
pre_rerun_s1000,synthetic,snrinf_refr0.0-0.5,pooled recompute (paper),0.9853572793629392,0.9846735814356922,0.986011020750858,512
pre_rerun_s1000,synthetic,snrinf_refr0.5-1.0,per-trial mean (mine),0.9988968718075776,0.9988297188654542,0.9989581723668379,512
pre_rerun_s1000,synthetic,snrinf_refr0.5-1.0,pooled recompute (paper),0.998914701361302,0.9988466291438507,0.9989766500479693,512
pre_rerun_s1000,synthetic,snrinf_refr1-1.5,per-trial mean (mine),0.9996767728863051,0.9996659588796319,0.9996862769679865,512
pre_rerun_s1000,synthetic,snrinf_refr1-1.5,pooled recompute (paper),0.9996842183308938,0.9996709985840596,0.9996951805800185,512
ft_A,organic,Fitts/snr10.0,"per dataset, mean (mine)",0.8766758185918443,0.8392759669688531,0.9086667286232113,10
ft_A,organic,crank/snr10.0,"per dataset, mean (mine)",0.842919715560507,0.8184327917871996,0.8640832092496566,5
ft_A,organic,object_moving/snr10.0,"per dataset, mean (mine)",0.9116989087727853,0.8809934149961919,0.9371294561424293,5
ft_A,organic,pointing/snr10.0,"per dataset, mean (mine)",0.9705712700644508,0.9655454426188953,0.9748869871487841,2
ft_A,organic,steering/snr10.0,"per dataset, mean (mine)",0.9427274366959464,0.9387795524904504,0.947035635903012,9
ft_A,organic,tablet_writing/snr10.0,"per dataset, mean (mine)",0.8043591053695418,0.7852842713356949,0.8221948601538316,33
ft_A,organic,whacamole/snr10.0,"per dataset, mean (mine)",0.8982193417418748,0.8791943253134378,0.9149733656318858,128
ft_A,organic,ALL/snr10.0,"pooled+balanced, median (paper)",0.9288759226202965,0.9223121404647828,0.9341349393129349,187
ft_A,organic,ALL/snr10.0,"pooled+balanced, mean",0.8924899896866907,0.8841569994010829,0.900193445199901,187
ft_A,organic,Fitts/snr20.0,"per dataset, mean (mine)",0.8849092698276508,0.8464332207106053,0.9157788873068057,10
ft_A,organic,crank/snr20.0,"per dataset, mean (mine)",0.9254970708678011,0.9050190315232612,0.9408964920439757,5
ft_A,organic,object_moving/snr20.0,"per dataset, mean (mine)",0.9769483669179027,0.9729447644203901,0.9804435924394056,5
ft_A,organic,pointing/snr20.0,"per dataset, mean (mine)",0.9774669361698907,0.9619045005179941,0.984377033263445,2
ft_A,organic,steering/snr20.0,"per dataset, mean (mine)",0.9704034681220073,0.9666027878061868,0.9743371352902613,9
ft_A,organic,tablet_writing/snr20.0,"per dataset, mean (mine)",0.859765985081438,0.8428288970491848,0.8757094665314071,40
ft_A,organic,whacamole/snr20.0,"per dataset, mean (mine)",0.9250474540118594,0.9062450533849187,0.9413800166686996,128
ft_A,organic,ALL/snr20.0,"pooled+balanced, median (paper)",0.962254200860858,0.9589695855975151,0.9648076295852661,194
ft_A,organic,ALL/snr20.0,"pooled+balanced, mean",0.9312657842018442,0.9238129209011926,0.9382889944511199,194
ft_A,organic,Fitts/snrinf,"per dataset, mean (mine)",0.858625056068413,0.8080708046210929,0.9001203182269819,10
ft_A,organic,crank/snrinf,"per dataset, mean (mine)",0.8873486229705159,0.8673386902082711,0.9061740834498778,5
ft_A,organic,object_moving/snrinf,"per dataset, mean (mine)",0.9741073618708178,0.9672910878784023,0.978528680675663,5
ft_A,organic,pointing/snrinf,"per dataset, mean (mine)",0.982116959128296,0.9775290407706052,0.9861348174046725,2
ft_A,organic,steering/snrinf,"per dataset, mean (mine)",0.9725943990780507,0.9692062428337522,0.9764002936659381,9
ft_A,organic,tablet_writing/snrinf,"per dataset, mean (mine)",0.858726448145695,0.8398869280237704,0.8757720556808636,38
ft_A,organic,whacamole/snrinf,"per dataset, mean (mine)",0.9294405944584869,0.9090971776167862,0.945697240694426,128
ft_A,organic,ALL/snrinf,"pooled+balanced, median (paper)",0.9607736298441887,0.9562077231705188,0.964361310005188,192
ft_A,organic,ALL/snrinf,"pooled+balanced, mean",0.9232626655367203,0.9145038801245391,0.9309647102374583,192
ft_A2,organic,Fitts/snr10.0,"per dataset, mean (mine)",0.87635079014441,0.8420550011331216,0.907100499176886,10
ft_A2,organic,crank/snr10.0,"per dataset, mean (mine)",0.8925066822289955,0.8705221499316395,0.9115422208211384,5
ft_A2,organic,object_moving/snr10.0,"per dataset, mean (mine)",0.9274242358030751,0.9111769845243544,0.9411245026160031,5
ft_A2,organic,pointing/snr10.0,"per dataset, mean (mine)",0.9645821982447523,0.9541121326386929,0.9714518121094443,2
ft_A2,organic,steering/snr10.0,"per dataset, mean (mine)",0.94403962950618,0.9399305471102707,0.948460893612355,9
ft_A2,organic,tablet_writing/snr10.0,"per dataset, mean (mine)",0.8069746643747203,0.7895979117718526,0.8232763877953403,33
ft_A2,organic,whacamole/snr10.0,"per dataset, mean (mine)",0.8974941254053265,0.8778965853736735,0.9140960087650455,128
ft_A2,organic,ALL/snr10.0,"pooled+balanced, median (paper)",0.9322702898383141,0.9279155999422073,0.9370808005332947,187
ft_A2,organic,ALL/snr10.0,"pooled+balanced, mean",0.901355110894423,0.8945153266640513,0.9079788916960492,187
ft_A2,organic,Fitts/snr20.0,"per dataset, mean (mine)",0.888316392167937,0.8500826599425636,0.917538913723547,10
ft_A2,organic,crank/snr20.0,"per dataset, mean (mine)",0.929131862612674,0.9074997449759394,0.9453281825175509,5
ft_A2,organic,object_moving/snr20.0,"per dataset, mean (mine)",0.9749859232599847,0.9684432820533402,0.9797860853374004,5
ft_A2,organic,pointing/snr20.0,"per dataset, mean (mine)",0.9792812758740038,0.9727058242307975,0.9836156932055019,2
ft_A2,organic,steering/snr20.0,"per dataset, mean (mine)",0.9705134066350293,0.9664233277668245,0.9743981936131604,9
ft_A2,organic,tablet_writing/snr20.0,"per dataset, mean (mine)",0.8584092853388283,0.8405283786705695,0.8740998622961342,40
ft_A2,organic,whacamole/snr20.0,"per dataset, mean (mine)",0.9236956481798552,0.9044626733637415,0.9404718150384724,128
ft_A2,organic,ALL/snr20.0,"pooled+balanced, median (paper)",0.9628305781632662,0.9592321515083312,0.9663126468658448,194
ft_A2,organic,ALL/snr20.0,"pooled+balanced, mean",0.9319945427970628,0.924682337120508,0.9386424941842311,194
ft_A2,organic,Fitts/snrinf,"per dataset, mean (mine)",0.8608647356415168,0.8061554154264741,0.9017350726993754,10
ft_A2,organic,crank/snrinf,"per dataset, mean (mine)",0.9039770354533102,0.884527696017176,0.9220863548689522,5
ft_A2,organic,object_moving/snrinf,"per dataset, mean (mine)",0.967607513690833,0.9554453384014778,0.9758993461495266,5
ft_A2,organic,pointing/snrinf,"per dataset, mean (mine)",0.9816321020505857,0.9760702571831643,0.9859245453379117,2
ft_A2,organic,steering/snrinf,"per dataset, mean (mine)",0.9730428468612954,0.9694198358454742,0.9769172096857801,9
ft_A2,organic,tablet_writing/snrinf,"per dataset, mean (mine)",0.8600634271891322,0.842276360548567,0.8770636203582398,38
ft_A2,organic,whacamole/snrinf,"per dataset, mean (mine)",0.9286610270128586,0.9081356413778849,0.9448971660691313,128
ft_A2,organic,ALL/snrinf,"pooled+balanced, median (paper)",0.961994652658701,0.9581041932106018,0.9644425511360168,192
ft_A2,organic,ALL/snrinf,"pooled+balanced, mean",0.9248390661623728,0.9163050321146978,0.9322929722356743,192
ft_B,organic,Fitts/snr10.0,"per dataset, mean (mine)",0.8747636520275847,0.8353964740294032,0.9099312734324485,10
ft_B,organic,crank/snr10.0,"per dataset, mean (mine)",0.8905487106954679,0.8705220379517413,0.9044269409147091,5
ft_B,organic,object_moving/snr10.0,"per dataset, mean (mine)",0.9186333790917415,0.8787505091400817,0.9422273756936193,5
ft_B,organic,pointing/snr10.0,"per dataset, mean (mine)",0.9713164813036564,0.9672224049340002,0.9750533902319148,2
ft_B,organic,steering/snr10.0,"per dataset, mean (mine)",0.941474583230447,0.9370664394460618,0.9460224090726115,9
ft_B,organic,tablet_writing/snr10.0,"per dataset, mean (mine)",0.8146665876531042,0.7968806999619119,0.8300156917539425,33
ft_B,organic,whacamole/snr10.0,"per dataset, mean (mine)",0.8918096694676205,0.8706433104234748,0.9101610848912969,128
ft_B,organic,ALL/snr10.0,"pooled+balanced, median (paper)",0.931618023082614,0.927068829536438,0.935529849678278,187
ft_B,organic,ALL/snr10.0,"pooled+balanced, mean",0.9003961058238388,0.8914092051996184,0.9086803916376084,187
ft_B,organic,Fitts/snr20.0,"per dataset, mean (mine)",0.8908354489183985,0.8526551411836408,0.9222754020942374,10
ft_B,organic,crank/snr20.0,"per dataset, mean (mine)",0.9180787010241765,0.8977315935189836,0.9365634712623432,5
ft_B,organic,object_moving/snr20.0,"per dataset, mean (mine)",0.9770810359055176,0.9733213726431131,0.9802684663212858,5
ft_B,organic,pointing/snr20.0,"per dataset, mean (mine)",0.977449514628388,0.9685475914273411,0.9839993730885908,2
ft_B,organic,steering/snr20.0,"per dataset, mean (mine)",0.9700296132497024,0.9662776863900945,0.9741996052674949,9
ft_B,organic,tablet_writing/snr20.0,"per dataset, mean (mine)",0.8569982007979415,0.8403148470213637,0.8728479137294926,40
ft_B,organic,whacamole/snr20.0,"per dataset, mean (mine)",0.9203526988674421,0.8988372008781881,0.9380076057743281,128
ft_B,organic,ALL/snr20.0,"pooled+balanced, median (paper)",0.9627534566670656,0.9598199829459191,0.9652392126619815,194
ft_B,organic,ALL/snr20.0,"pooled+balanced, mean",0.9301417224005397,0.923238984377323,0.9367085040147816,194
ft_B,organic,Fitts/snrinf,"per dataset, mean (mine)",0.8550683667096309,0.8005429498502054,0.9025662657455541,10
ft_B,organic,crank/snrinf,"per dataset, mean (mine)",0.9025780461146496,0.8883325465256349,0.9169268393074163,5
ft_B,organic,object_moving/snrinf,"per dataset, mean (mine)",0.9649879048778676,0.9525416032643989,0.9757109225378372,5
ft_B,organic,pointing/snrinf,"per dataset, mean (mine)",0.9784437344868202,0.9638692420092412,0.9872875812114217,2
ft_B,organic,steering/snrinf,"per dataset, mean (mine)",0.9741590501586906,0.9706455090316013,0.9778548085014336,9
ft_B,organic,tablet_writing/snrinf,"per dataset, mean (mine)",0.8640679377962369,0.848249701608438,0.8806788119138218,38
ft_B,organic,whacamole/snrinf,"per dataset, mean (mine)",0.9240687227356248,0.902740863407962,0.9417977727600373,128
ft_B,organic,ALL/snrinf,"pooled+balanced, median (paper)",0.9612668636441231,0.9561756253242492,0.9648462235927582,192
ft_B,organic,ALL/snrinf,"pooled+balanced, mean",0.9234687271243559,0.9141057435423136,0.9315747507182615,192
ft_B2,organic,Fitts/snr10.0,"per dataset, mean (mine)",0.8746116441665217,0.836469111603219,0.9081843957188539,10
ft_B2,organic,crank/snr10.0,"per dataset, mean (mine)",0.8906896110079251,0.8785986224771477,0.9012832018081098,5
ft_B2,organic,object_moving/snr10.0,"per dataset, mean (mine)",0.9044756086920388,0.8630462162545882,0.9322579571977258,5
ft_B2,organic,pointing/snr10.0,"per dataset, mean (mine)",0.964516645385651,0.9491304226452485,0.97272082233103,2
ft_B2,organic,steering/snr10.0,"per dataset, mean (mine)",0.939184546397766,0.9350980523508042,0.9439210399403237,9
ft_B2,organic,tablet_writing/snr10.0,"per dataset, mean (mine)",0.8065789411000441,0.7837015961646102,0.8267010836047121,33
ft_B2,organic,whacamole/snr10.0,"per dataset, mean (mine)",0.8931714205127209,0.8723703886382282,0.9099790149717591,128
ft_B2,organic,ALL/snr10.0,"pooled+balanced, median (paper)",0.9301856873631478,0.924634875357151,0.933943212032318,187
ft_B2,organic,ALL/snr10.0,"pooled+balanced, mean",0.8963794618979696,0.8872439596136765,0.9047035914429996,187
ft_B2,organic,Fitts/snr20.0,"per dataset, mean (mine)",0.8875425967096817,0.8477394459303469,0.9193522265646606,10
ft_B2,organic,crank/snr20.0,"per dataset, mean (mine)",0.9245195764310192,0.9034006161615252,0.942112845426891,5
ft_B2,organic,object_moving/snr20.0,"per dataset, mean (mine)",0.9719842058303766,0.9638633918832056,0.9779787110746838,5
ft_B2,organic,pointing/snr20.0,"per dataset, mean (mine)",0.9756366167408415,0.9636338664917276,0.9823280863580294,2
ft_B2,organic,steering/snr20.0,"per dataset, mean (mine)",0.9698755856917706,0.9660824934835546,0.9737559911212884,9
ft_B2,organic,tablet_writing/snr20.0,"per dataset, mean (mine)",0.8600824776550289,0.8440778326359577,0.8759028433822095,40
ft_B2,organic,whacamole/snr20.0,"per dataset, mean (mine)",0.9214230402307585,0.9019554998725653,0.9386372419656254,128
ft_B2,organic,ALL/snr20.0,"pooled+balanced, median (paper)",0.9620538206100464,0.9587254524230956,0.9650580883026124,194
ft_B2,organic,ALL/snr20.0,"pooled+balanced, mean",0.9300779019206362,0.9224959277381588,0.9367077418702787,194
ft_B2,organic,Fitts/snrinf,"per dataset, mean (mine)",0.854993848248152,0.7999420359032229,0.9006010436220094,10
ft_B2,organic,crank/snrinf,"per dataset, mean (mine)",0.9077667964994908,0.8928531363606453,0.9204723709844984,5
ft_B2,organic,object_moving/snrinf,"per dataset, mean (mine)",0.9592959027504548,0.9311348908348009,0.9778225633315742,5
ft_B2,organic,pointing/snrinf,"per dataset, mean (mine)",0.978443548699608,0.969773841300048,0.9857692327932455,2
ft_B2,organic,steering/snrinf,"per dataset, mean (mine)",0.9740463769326452,0.970352051127702,0.978002529416699,9
ft_B2,organic,tablet_writing/snrinf,"per dataset, mean (mine)",0.863209114447236,0.8479613105533644,0.8793774583959021,38
ft_B2,organic,whacamole/snrinf,"per dataset, mean (mine)",0.9246787310228683,0.9024724119110032,0.9422732068342157,128
ft_B2,organic,ALL/snrinf,"pooled+balanced, median (paper)",0.9605579737573862,0.9557634592056274,0.9637895233929157,192
ft_B2,organic,ALL/snrinf,"pooled+balanced, mean",0.9231312482702279,0.9131090024818799,0.931515156680585,192
ft_released,organic,Fitts/snr10.0,"per dataset, mean (mine)",0.8763191173134838,0.8396644406020641,0.9087605574866757,10
ft_released,organic,crank/snr10.0,"per dataset, mean (mine)",0.8852075818127487,0.8640071242349222,0.9047754592378624,5
ft_released,organic,object_moving/snr10.0,"per dataset, mean (mine)",0.9381659937193617,0.9228585563367233,0.9499949311837554,5
ft_released,organic,pointing/snr10.0,"per dataset, mean (mine)",0.9677333676971029,0.9606870640069246,0.9737004614202306,2
ft_released,organic,steering/snr10.0,"per dataset, mean (mine)",0.9443706272165291,0.9405329083674587,0.9486406804178842,9
ft_released,organic,tablet_writing/snr10.0,"per dataset, mean (mine)",0.8050513537467923,0.7869397367583588,0.8221923309960403,33
ft_released,organic,whacamole/snr10.0,"per dataset, mean (mine)",0.8980278731095604,0.877866811293643,0.9149023030768149,128
ft_released,organic,ALL/snr10.0,"pooled+balanced, median (paper)",0.9351601776927709,0.9313881397247314,0.9389576226472854,187
ft_released,organic,ALL/snr10.0,"pooled+balanced, mean",0.902055789901742,0.8946452889641348,0.9087040458872383,187
ft_released,organic,Fitts/snr20.0,"per dataset, mean (mine)",0.8859239011837635,0.8414643509313464,0.9192657578387297,10
ft_released,organic,crank/snr20.0,"per dataset, mean (mine)",0.9251307030178141,0.9039197711856104,0.9418014837545343,5
ft_released,organic,object_moving/snr20.0,"per dataset, mean (mine)",0.9729252480699215,0.9670687329955399,0.9778351492481306,5
ft_released,organic,pointing/snr20.0,"per dataset, mean (mine)",0.9809434544278774,0.9776275869226083,0.9840872562024743,2
ft_released,organic,steering/snr20.0,"per dataset, mean (mine)",0.9705700056166389,0.9666355119319633,0.9744031301699578,9
ft_released,organic,tablet_writing/snr20.0,"per dataset, mean (mine)",0.8549550107633695,0.837219908030238,0.8718724417150951,40
ft_released,organic,whacamole/snr20.0,"per dataset, mean (mine)",0.9249895962306764,0.9050156994257123,0.9413771374034695,128
ft_released,organic,ALL/snr20.0,"pooled+balanced, median (paper)",0.9629529480785132,0.9599247701466084,0.9658673256635666,194
ft_released,organic,ALL/snr20.0,"pooled+balanced, mean",0.9307622127903824,0.9227192762524022,0.9373778755859739,194
ft_released,organic,Fitts/snrinf,"per dataset, mean (mine)",0.8579443897185847,0.8081260863109492,0.9001276324270293,10
ft_released,organic,crank/snrinf,"per dataset, mean (mine)",0.8893227038283367,0.8668681022361853,0.9117042468395085,5
ft_released,organic,object_moving/snrinf,"per dataset, mean (mine)",0.9712384483173955,0.9618293005041778,0.9775152174173855,5
ft_released,organic,pointing/snrinf,"per dataset, mean (mine)",0.9839577942772303,0.9798325684270821,0.9873678018804639,2
ft_released,organic,steering/snrinf,"per dataset, mean (mine)",0.9729048762838356,0.9693223928567022,0.9768444557441398,9
ft_released,organic,tablet_writing/snrinf,"per dataset, mean (mine)",0.8614000514128711,0.84269167073071,0.8788283816189505,38
ft_released,organic,whacamole/snrinf,"per dataset, mean (mine)",0.9295371614156757,0.9092536864220164,0.9453889876254834,128
ft_released,organic,ALL/snrinf,"pooled+balanced, median (paper)",0.9615090589374303,0.9575106896460056,0.9644863180816173,192
ft_released,organic,ALL/snrinf,"pooled+balanced, mean",0.9239235187204488,0.9154675567306445,0.9316302490404009,192
pre_released,organic,Fitts/snr10.0,"per dataset, mean (mine)",0.8824165849532001,0.8445190667873248,0.9144452995038591,10
pre_released,organic,crank/snr10.0,"per dataset, mean (mine)",0.5848227850936819,0.5417940099956468,0.6234339296468533,5
pre_released,organic,object_moving/snr10.0,"per dataset, mean (mine)",0.9185506094894372,0.8983257996966131,0.933955202868674,5
pre_released,organic,pointing/snr10.0,"per dataset, mean (mine)",0.971459042053204,0.9663425478851423,0.9764342106180266,2
pre_released,organic,steering/snr10.0,"per dataset, mean (mine)",0.9425846181616653,0.937644466641359,0.9477672120556235,9
pre_released,organic,tablet_writing/snr10.0,"per dataset, mean (mine)",0.7948547154411207,0.7751421003020369,0.8129882207256742,33
pre_released,organic,whacamole/snr10.0,"per dataset, mean (mine)",0.8840163149784784,0.8633545588352718,0.9012942890869453,128
pre_released,organic,ALL/snr10.0,"pooled+balanced, median (paper)",0.922775461897254,0.9148118622601031,0.9299409985542296,187
pre_released,organic,ALL/snr10.0,"pooled+balanced, mean",0.8542318490128964,0.8450120686520157,0.8633438608792079,187
pre_released,organic,Fitts/snr20.0,"per dataset, mean (mine)",0.8945012700508814,0.8561909766867757,0.9241917233448476,10
pre_released,organic,crank/snr20.0,"per dataset, mean (mine)",0.6544658906478434,0.5931111073470675,0.703672326344531,5
pre_released,organic,object_moving/snr20.0,"per dataset, mean (mine)",0.9423640753841027,0.9223778942599893,0.9581895511597395,5
pre_released,organic,pointing/snr20.0,"per dataset, mean (mine)",0.976202616661787,0.9702945443685167,0.9809888428193517,2
pre_released,organic,steering/snr20.0,"per dataset, mean (mine)",0.9624629773318302,0.9584160903352312,0.9670298533863388,9
pre_released,organic,tablet_writing/snr20.0,"per dataset, mean (mine)",0.8322049447856843,0.8115670520928688,0.850276622956153,40
pre_released,organic,whacamole/snr20.0,"per dataset, mean (mine)",0.9069488522103056,0.8860929561662487,0.924526973196771,128
pre_released,organic,ALL/snr20.0,"pooled+balanced, median (paper)",0.9451397330760956,0.939213614910841,0.9508033633232117,194
pre_released,organic,ALL/snr20.0,"pooled+balanced, mean",0.8813210672891832,0.870428592074729,0.8908168598311023,194
pre_released,organic,Fitts/snrinf,"per dataset, mean (mine)",0.8629560385521036,0.810237180814147,0.9019963382044807,10
pre_released,organic,crank/snrinf,"per dataset, mean (mine)",0.6585421977487859,0.595639870071318,0.7196685614064335,5
pre_released,organic,object_moving/snrinf,"per dataset, mean (mine)",0.9608668293696828,0.9503448824514635,0.9689069465151988,5
pre_released,organic,pointing/snrinf,"per dataset, mean (mine)",0.9750373705460225,0.9653272373718209,0.9821025261655449,2
pre_released,organic,steering/snrinf,"per dataset, mean (mine)",0.9641473716821056,0.959521434828639,0.9692362946923823,9
pre_released,organic,tablet_writing/snrinf,"per dataset, mean (mine)",0.8274597274055705,0.7917608754942194,0.8528423343319446,38
pre_released,organic,whacamole/snrinf,"per dataset, mean (mine)",0.9121396571951919,0.8922327300067991,0.9289056266075931,128
pre_released,organic,ALL/snrinf,"pooled+balanced, median (paper)",0.9477422659099102,0.9414050579071044,0.952155202627182,192
pre_released,organic,ALL/snrinf,"pooled+balanced, mean",0.8804554354076474,0.867350832988242,0.8922904915192963,192
pre_rerun,organic,Fitts/snr10.0,"per dataset, mean (mine)",0.8840644648948218,0.8462083710008301,0.916356971336063,10
pre_rerun,organic,crank/snr10.0,"per dataset, mean (mine)",0.543215734838508,0.48955390916671604,0.5911641678656452,5
pre_rerun,organic,object_moving/snr10.0,"per dataset, mean (mine)",0.9155387156272773,0.8918277351534926,0.9355883433949203,5
pre_rerun,organic,pointing/snr10.0,"per dataset, mean (mine)",0.9741268309252337,0.9698158128885552,0.9781419526203535,2
pre_rerun,organic,steering/snr10.0,"per dataset, mean (mine)",0.9478664283487015,0.9436232453677803,0.9525974877877161,9
pre_rerun,organic,tablet_writing/snr10.0,"per dataset, mean (mine)",0.7983850561364089,0.7783062033238821,0.8169570153811946,33
pre_rerun,organic,whacamole/snr10.0,"per dataset, mean (mine)",0.8795042226810474,0.8578870630008169,0.8978057384723798,128
pre_rerun,organic,ALL/snr10.0,"pooled+balanced, median (paper)",0.924989540591836,0.9159670397639273,0.9329956270754337,187
pre_rerun,organic,ALL/snr10.0,"pooled+balanced, mean",0.8486744925272319,0.8380484244703049,0.8586960635164619,187
pre_rerun,organic,Fitts/snr20.0,"per dataset, mean (mine)",0.8975451003955677,0.8618594456464053,0.9248689222964458,10
pre_rerun,organic,crank/snr20.0,"per dataset, mean (mine)",0.6304606534622144,0.5856460371054709,0.6721010590204969,5
pre_rerun,organic,object_moving/snr20.0,"per dataset, mean (mine)",0.954658507303102,0.9422249591210857,0.9643880320014432,5
pre_rerun,organic,pointing/snr20.0,"per dataset, mean (mine)",0.9763267977780197,0.9725458916742354,0.9798766039661132,2
pre_rerun,organic,steering/snr20.0,"per dataset, mean (mine)",0.9665374739861582,0.9627328229486011,0.970458394556772,9
pre_rerun,organic,tablet_writing/snr20.0,"per dataset, mean (mine)",0.8385037154273596,0.8163553117308766,0.8583013821509666,40
pre_rerun,organic,whacamole/snr20.0,"per dataset, mean (mine)",0.9031739907532464,0.8809796875575557,0.9217810269095935,128
pre_rerun,organic,ALL/snr20.0,"pooled+balanced, median (paper)",0.9458898688852787,0.9383622407913208,0.9523809812963008,194
pre_rerun,organic,ALL/snr20.0,"pooled+balanced, mean",0.8810290833574254,0.8721735541276368,0.8894552096924079,194
pre_rerun,organic,Fitts/snrinf,"per dataset, mean (mine)",0.8559082007398829,0.8049972020206042,0.8972715579555369,10
pre_rerun,organic,crank/snrinf,"per dataset, mean (mine)",0.20111845406494103,-0.3641956393723376,0.579626297217328,5
pre_rerun,organic,object_moving/snrinf,"per dataset, mean (mine)",0.945346370373154,0.9268859217641875,0.9623528642812743,5
pre_rerun,organic,pointing/snrinf,"per dataset, mean (mine)",0.9697462751602288,0.9463255451410078,0.9838567533064634,2
pre_rerun,organic,steering/snrinf,"per dataset, mean (mine)",0.968941484893905,0.9653696181601845,0.9727862323983573,9
pre_rerun,organic,tablet_writing/snrinf,"per dataset, mean (mine)",0.8418156716735102,0.8235760124400258,0.8602684576646424,38
pre_rerun,organic,whacamole/snrinf,"per dataset, mean (mine)",0.9067306551346556,0.884720102744177,0.9257066986174323,128
pre_rerun,organic,ALL/snrinf,"pooled+balanced, median (paper)",0.944420041486621,0.9353694319725037,0.9512397386133672,192
pre_rerun,organic,ALL/snrinf,"pooled+balanced, mean",0.8135188230924042,0.729235561087262,0.8681172695759285,192
pre_rerun_s1000,organic,Fitts/snr10.0,"per dataset, mean (mine)",0.8724968257390429,0.8345306358067319,0.90689885658212,10
pre_rerun_s1000,organic,crank/snr10.0,"per dataset, mean (mine)",0.4855913101229817,0.4148154800175689,0.5601382505847141,5
pre_rerun_s1000,organic,object_moving/snr10.0,"per dataset, mean (mine)",0.9272568616783247,0.9137968709808775,0.938711971230805,5
pre_rerun_s1000,organic,pointing/snr10.0,"per dataset, mean (mine)",0.9708705265671015,0.957662982493639,0.9785747500020079,2
pre_rerun_s1000,organic,steering/snr10.0,"per dataset, mean (mine)",0.946145995875122,0.9417367645190098,0.9508411664748564,9
pre_rerun_s1000,organic,tablet_writing/snr10.0,"per dataset, mean (mine)",0.7940755489352159,0.7732374298502691,0.8136170530109667,33
pre_rerun_s1000,organic,whacamole/snr10.0,"per dataset, mean (mine)",0.8862997722695581,0.8668505380046554,0.902709050476551,128
pre_rerun_s1000,organic,ALL/snr10.0,"pooled+balanced, median (paper)",0.923431929886341,0.9145859479904174,0.9311066672205925,187
pre_rerun_s1000,organic,ALL/snr10.0,"pooled+balanced, mean",0.8406046009315511,0.8281814588217198,0.8535006706552979,187
pre_rerun_s1000,organic,Fitts/snr20.0,"per dataset, mean (mine)",0.8814659499595873,0.8460138515918516,0.914823581429664,10
pre_rerun_s1000,organic,crank/snr20.0,"per dataset, mean (mine)",0.630875000519678,0.5735186016419903,0.6819900025846436,5
pre_rerun_s1000,organic,object_moving/snr20.0,"per dataset, mean (mine)",0.9480991933092009,0.9365056223934516,0.9575327679049224,5
pre_rerun_s1000,organic,pointing/snr20.0,"per dataset, mean (mine)",0.9768041088534519,0.9708940646029077,0.9811291700578295,2
pre_rerun_s1000,organic,steering/snr20.0,"per dataset, mean (mine)",0.965107717338251,0.960962820565328,0.9694498627563007,9
pre_rerun_s1000,organic,tablet_writing/snr20.0,"per dataset, mean (mine)",0.8249055755594745,0.796707326977048,0.8470931399380788,40
pre_rerun_s1000,organic,whacamole/snr20.0,"per dataset, mean (mine)",0.9086498040133156,0.8883260301779956,0.9251502414583228,128
pre_rerun_s1000,organic,ALL/snr20.0,"pooled+balanced, median (paper)",0.9425060494095087,0.9342166185379028,0.9488453269004822,194
pre_rerun_s1000,organic,ALL/snr20.0,"pooled+balanced, mean",0.8764850181069758,0.8653309699779909,0.8864384826538818,194
pre_rerun_s1000,organic,Fitts/snrinf,"per dataset, mean (mine)",0.8562337477793917,0.8092033991590142,0.8984935872489587,10
pre_rerun_s1000,organic,crank/snrinf,"per dataset, mean (mine)",0.5856968042824883,0.43006179033545777,0.6943110768916085,5
pre_rerun_s1000,organic,object_moving/snrinf,"per dataset, mean (mine)",0.9567276917386335,0.9459683732595294,0.964213969069533,5
pre_rerun_s1000,organic,pointing/snrinf,"per dataset, mean (mine)",0.9737684518941678,0.9656019320595078,0.9817344420938753,2
pre_rerun_s1000,organic,steering/snrinf,"per dataset, mean (mine)",0.9674724148984533,0.9633692361298017,0.9720336692407727,9
pre_rerun_s1000,organic,tablet_writing/snrinf,"per dataset, mean (mine)",0.8257931289081462,0.8045820360304787,0.8467562217148952,38
pre_rerun_s1000,organic,whacamole/snrinf,"per dataset, mean (mine)",0.9127370199814905,0.8938752742134967,0.9296169090899639,128
pre_rerun_s1000,organic,ALL/snrinf,"pooled+balanced, median (paper)",0.9477020220309496,0.9406334869563578,0.9531010761857033,192
pre_rerun_s1000,organic,ALL/snrinf,"pooled+balanced, mean",0.8683643659484307,0.8452703870799659,0.8867503604602203,192
